Fecha,SKU,Producto,Categoria,Canal,Region,Estado_SKU,Participacion_Canal_Region,Factor_Promocional_SKU,Proporcion_Promocion_Esperada,Pronostico_Base,Pronostico_Recomendado_Detalle,Pronostico_Protegido_Detalle,Pronostico_Final_Detalle
2026-01-01,SKU-1012,Jugo Naranja 1L,Bebidas,Ecommerce,Centro,Activo,0.06378539493293592,1.675392670157068,0.0,376.6555263990739,376.6555263990739,406.78796851099986,376.6555263990739
2026-01-01,SKU-1012,Jugo Naranja 1L,Bebidas,Ecommerce,Norte,Activo,0.03052160953800298,1.675392670157068,0.0,180.23142945451013,180.23142945451013,194.64994381087095,180.23142945451013
2026-01-01,SKU-1012,Jugo Naranja 1L,Bebidas,Ecommerce,Sur,Activo,0.033800298062593145,1.675392670157068,0.0,199.59222754044384,199.59222754044384,215.55960574367936,199.59222754044384
2026-01-01,SKU-1012,Jugo Naranja 1L,Bebidas,Mayorista,Centro,Activo,0.1659016393442623,1.675392670157068,0.0,979.6563831482455,979.6563831482455,1058.0288938001052,979.6563831482455
2026-01-01,SKU-1012,Jugo Naranja 1L,Bebidas,Mayorista,Norte,Activo,0.07374068554396424,1.675392670157068,0.0,435.4419496781817,435.4419496781817,470.27730565243627,435.4419496781817
2026-01-01,SKU-1012,Jugo Naranja 1L,Bebidas,Mayorista,Sur,Activo,0.08757078986587183,1.675392670157068,0.0,517.1093161497565,517.1093161497565,558.4780614417372,517.1093161497565
2026-01-01,SKU-1012,Jugo Naranja 1L,Bebidas,Supermercado,Centro,Activo,0.27445603576751115,1.675392670157068,0.0,1620.6748070479775,1620.6748070479775,1750.328791611816,1620.6748070479775
2026-01-01,SKU-1012,Jugo Naranja 1L,Bebidas,Supermercado,Norte,Activo,0.14247391952309985,1.675392670157068,0.0,841.3146804614828,841.3146804614828,908.6198548984015,841.3146804614828
2026-01-01,SKU-1012,Jugo Naranja 1L,Bebidas,Supermercado,Sur,Activo,0.12774962742175858,1.675392670157068,0.0,754.3670963301079,754.3670963301079,814.7164640365165,754.3670963301079
2026-01-01,SKU-1013,Jugo Manzana 1L,Bebidas,Ecommerce,Centro,Activo,0.06143305954048223,1.6965448589199297,0.14814814814814814,450.148675984448,496.60034205949694,536.3283694242567,496.60034205949694
2026-01-01,SKU-1013,Jugo Manzana 1L,Bebidas,Ecommerce,Norte,Activo,0.03312010295620576,1.6965448589199297,0.14814814814814814,242.6864396096069,267.72969765992593,289.14807347272006,267.72969765992593
2026-01-01,SKU-1013,Jugo Manzana 1L,Bebidas,Ecommerce,Sur,Activo,0.030659752450887617,1.6965448589199297,0.14814814814814814,224.6583040957504,247.84120583376003,267.6685023004609,247.84120583376003
2026-01-01,SKU-1013,Jugo Manzana 1L,Bebidas,Mayorista,Centro,Activo,0.14746962413414588,1.6965448589199297,0.14814814814814814,1080.5787071074612,1192.0856023806532,1287.4524505711056,1192.0856023806532
2026-01-01,SKU-1013,Jugo Manzana 1L,Bebidas,Mayorista,Norte,Activo,0.09553730269881525,1.6965448589199297,0.14814814814814814,700.0463697995975,772.2854364498893,834.0682713658805,772.2854364498893
2026-01-01,SKU-1013,Jugo Manzana 1L,Bebidas,Mayorista,Sur,Activo,0.08668004087966993,1.6965448589199297,0.14814814814814814,635.145081949714,700.686865875692,756.7418151457474,700.686865875692
2026-01-01,SKU-1013,Jugo Manzana 1L,Bebidas,Supermercado,Centro,Activo,0.2996328400015141,1.6965448589199297,0.14814814814814814,2195.549549656741,2422.1123276296844,2615.8813138400596,2422.1123276296844
2026-01-01,SKU-1013,Jugo Manzana 1L,Bebidas,Supermercado,Norte,Activo,0.11234338922744994,1.6965448589199297,0.14814814814814814,823.1924031557866,908.1391344624689,980.7902652194665,908.1391344624689
2026-01-01,SKU-1013,Jugo Manzana 1L,Bebidas,Supermercado,Sur,Activo,0.1331238881108293,1.6965448589199297,0.14814814814814814,975.4608092651285,1076.1203961942394,1162.2100278897788,1076.1203961942394
2026-01-01,SKU-1014,Agua Saborizada 500ml,Bebidas,Ecommerce,Centro,Activo,0.06262075235822252,1.690721649484536,0.07407407407407407,342.83128314663213,360.3720971755167,389.2018649495581,360.3720971755167
2026-01-01,SKU-1014,Agua Saborizada 500ml,Bebidas,Ecommerce,Norte,Activo,0.027162177520172748,1.690721649484536,0.07407407407407407,148.70540230861178,156.3138497730463,168.81895775489,156.3138497730463
2026-01-01,SKU-1014,Agua Saborizada 500ml,Bebidas,Ecommerce,Sur,Activo,0.02903739061256961,1.690721649484536,0.07407407407407407,158.97167485293016,167.10539170298463,180.4738230392234,167.10539170298463
2026-01-01,SKU-1014,Agua Saborizada 500ml,Bebidas,Mayorista,Centro,Activo,0.1598477099670417,1.690721649484536,0.07407407407407407,875.1219596111399,919.8971954217137,993.4889710554509,919.8971954217137
2026-01-01,SKU-1014,Agua Saborizada 500ml,Bebidas,Mayorista,Norte,Activo,0.07739515854074326,1.690721649484536,0.07407407407407407,423.71706682914066,445.3963669265461,481.0280762806698,445.3963669265461
2026-01-01,SKU-1014,Agua Saborizada 500ml,Bebidas,Mayorista,Sur,Activo,0.07211046709853393,1.690721649484536,0.07407407407407407,394.7848442042434,414.98383966944715,448.18254684300297,414.98383966944715
2026-01-01,SKU-1014,Agua Saborizada 500ml,Bebidas,Supermercado,Centro,Activo,0.32111603591317195,1.690721649484536,0.07407407407407407,1758.021398422521,1847.9698013964112,1995.807385508124,1847.9698013964112
2026-01-01,SKU-1014,Agua Saborizada 500ml,Bebidas,Supermercado,Norte,Activo,0.11677463348107739,1.690721649484536,0.07407407407407407,639.3087902598268,672.0187474552513,725.7802472516714,672.0187474552513
2026-01-01,SKU-1014,Agua Saborizada 500ml,Bebidas,Supermercado,Sur,Activo,0.13393567450846688,1.690721649484536,0.07407407407407407,733.2607389987405,770.7777069352932,832.4399234901166,770.7777069352932
2026-01-01,SKU-1015,Bebida Isotonica 600ml,Bebidas,Ecommerce,Centro,Activo,0.06109128474830954,1.6883561643835616,0.0,448.4101799181122,448.4101799181122,484.28299431156114,448.4101799181122
2026-01-01,SKU-1015,Bebida Isotonica 600ml,Bebidas,Ecommerce,Norte,Activo,0.035687453042824946,1.6883561643835616,0.0,261.9459928806805,261.9459928806805,282.9016723111349,261.9459928806805
2026-01-01,SKU-1015,Bebida Isotonica 600ml,Bebidas,Ecommerce,Sur,Activo,0.024229902329075882,1.6883561643835616,0.0,177.84754253477777,177.84754253477777,192.07534593756,177.84754253477777
2026-01-01,SKU-1015,Bebida Isotonica 600ml,Bebidas,Mayorista,Centro,Activo,0.16735537190082644,1.6883561643835616,0.0,1228.3888402983487,1228.3888402983487,1326.6599475222167,1228.3888402983487
2026-01-01,SKU-1015,Bebida Isotonica 600ml,Bebidas,Mayorista,Norte,Activo,0.08550901577761082,1.6883561643835616,0.0,627.6363855733146,627.6363855733146,677.8472964191798,627.6363855733146
2026-01-01,SKU-1015,Bebida Isotonica 600ml,Bebidas,Mayorista,Sur,Activo,0.08682381667918858,1.6883561643835616,0.0,637.287027416287,637.287027416287,688.26998960959,637.287027416287
2026-01-01,SKU-1015,Bebida Isotonica 600ml,Bebidas,Supermercado,Centro,Activo,0.2543670172802404,1.6883561643835616,0.0,1867.0545308350604,1867.0545308350604,2016.4188933018654,1867.0545308350604
2026-01-01,SKU-1015,Bebida Isotonica 600ml,Bebidas,Supermercado,Norte,Activo,0.13256010518407213,1.6883561643835616,0.0,972.9914972396854,972.9914972396854,1050.8308170188602,972.9914972396854
2026-01-01,SKU-1015,Bebida Isotonica 600ml,Bebidas,Supermercado,Sur,Activo,0.15237603305785125,1.6883561643835616,0.0,1118.4404564444842,1118.4404564444842,1207.915692960043,1118.4404564444842
2026-01-01,SKU-1016,Te Helado 1.5L,Bebidas,Ecommerce,Centro,Activo,0.06187745246000604,1.5667870036101084,0.0,134.71202663593502,134.71202663593502,145.48898876680983,134.71202663593502
2026-01-01,SKU-1016,Te Helado 1.5L,Bebidas,Ecommerce,Norte,Activo,0.035466344702686385,1.5667870036101084,0.0,77.21299087669445,77.21299087669445,83.39003014683001,77.21299087669445
2026-01-01,SKU-1016,Te Helado 1.5L,Bebidas,Ecommerce,Sur,Activo,0.03757923332327196,1.5667870036101084,0.0,81.8129137374337,81.8129137374337,88.35794683642841,81.8129137374337
2026-01-01,SKU-1016,Te Helado 1.5L,Bebidas,Mayorista,Centro,Activo,0.1670691216420163,1.5667870036101084,0.0,363.7224719170245,363.7224719170245,392.8202696703865,363.7224719170245
2026-01-01,SKU-1016,Te Helado 1.5L,Bebidas,Mayorista,Norte,Activo,0.07017808632659221,1.5667870036101084,0.0,152.78315216026775,152.78315216026775,165.00580433308917,152.78315216026775
2026-01-01,SKU-1016,Te Helado 1.5L,Bebidas,Mayorista,Sur,Activo,0.07893148204044673,1.5667870036101084,0.0,171.83997544047318,171.83997544047318,185.58717347571107,171.83997544047318
2026-01-01,SKU-1016,Te Helado 1.5L,Bebidas,Supermercado,Centro,Activo,0.27965590099607607,1.5667870036101084,0.0,608.8326472107013,608.8326472107013,657.5392589875576,608.8326472107013
2026-01-01,SKU-1016,Te Helado 1.5L,Bebidas,Supermercado,Norte,Activo,0.11907636583157259,1.5667870036101084,0.0,259.23850979451885,259.23850979451885,279.97759057808037,259.23850979451885
2026-01-01,SKU-1016,Te Helado 1.5L,Bebidas,Supermercado,Sur,Activo,0.15016601267733173,1.5667870036101084,0.0,326.9230890311106,326.9230890311106,353.0769361535995,326.9230890311106
2026-01-01,SKU-1017,Nectar Durazno 1L,Bebidas,Ecommerce,Centro,Activo,0.05776935965615211,1.6616982440073014,0.1111111111111111,255.24559163813393,274.01176494675144,295.93270614249155,274.01176494675144
2026-01-01,SKU-1017,Nectar Durazno 1L,Bebidas,Ecommerce,Norte,Activo,0.03161652218255992,1.6616982440073014,0.1111111111111111,139.69304763045412,149.96356366568742,161.96064875894243,149.96356366568742
2026-01-01,SKU-1017,Nectar Durazno 1L,Bebidas,Ecommerce,Sur,Activo,0.02972244481678444,1.6616982440073014,0.1111111111111111,131.32433970789236,140.9795713723513,152.25793708213942,140.9795713723513
2026-01-01,SKU-1017,Nectar Durazno 1L,Bebidas,Mayorista,Centro,Activo,0.15436730531070153,1.6616982440073014,0.1111111111111111,682.049695688784,732.1953719068931,790.7710016594447,732.1953719068931
2026-01-01,SKU-1017,Nectar Durazno 1L,Bebidas,Mayorista,Norte,Activo,0.09521381219494426,1.6616982440073014,0.1111111111111111,420.68850979954726,451.6183818227038,487.7478523685201,451.6183818227038
2026-01-01,SKU-1017,Nectar Durazno 1L,Bebidas,Mayorista,Sur,Activo,0.09208129962846943,1.6616982440073014,0.1111111111111111,406.84795438915665,436.7602407221864,471.7010599799613,436.7602407221864
2026-01-01,SKU-1017,Nectar Durazno 1L,Bebidas,Supermercado,Centro,Activo,0.26764770160996576,1.6616982440073014,0.1111111111111111,1182.5628041343052,1269.5072186814184,1371.0677961759318,1269.5072186814184
2026-01-01,SKU-1017,Nectar Durazno 1L,Bebidas,Supermercado,Norte,Activo,0.1321483208275661,1.6616982440073014,0.1111111111111111,583.8783142895018,626.806231542758,676.9507300661787,626.806231542758
2026-01-01,SKU-1017,Nectar Durazno 1L,Bebidas,Supermercado,Sur,Activo,0.1394332337728564,1.6616982440073014,0.1111111111111111,616.0656524532009,661.3600480555891,714.2688519000363,661.3600480555891
2026-01-01,SKU-1018,Arroz Grano Largo 1kg,Despensa,Ecommerce,Centro,Activo,0.06855593997223386,1.7129528844658684,0.0,1017.8344297198826,1017.8344297198826,1099.2611840974732,1017.8344297198826
2026-01-01,SKU-1018,Arroz Grano Largo 1kg,Despensa,Ecommerce,Norte,Activo,0.03038850569646753,1.7129528844658684,0.0,451.1712242313462,451.1712242313462,487.26492216985383,451.1712242313462
2026-01-01,SKU-1018,Arroz Grano Largo 1kg,Despensa,Ecommerce,Sur,Activo,0.029088344829105973,1.7129528844658684,0.0,431.86803189657496,431.86803189657496,466.417474448301,431.86803189657496
2026-01-01,SKU-1018,Arroz Grano Largo 1kg,Despensa,Mayorista,Centro,Activo,0.17565393684303313,1.7129528844658684,0.0,2607.8940017027267,2607.8940017027267,2816.5255218389448,2607.8940017027267
2026-01-01,SKU-1018,Arroz Grano Largo 1kg,Despensa,Mayorista,Norte,Activo,0.07620264880230944,1.7129528844658684,0.0,1131.3633744684519,1131.3633744684519,1221.8724444259278,1131.3633744684519
2026-01-01,SKU-1018,Arroz Grano Largo 1kg,Despensa,Mayorista,Sur,Activo,0.07234623944996585,1.7129528844658684,0.0,1074.1081429670119,1074.1081429670119,1160.036794404373,1074.1081429670119
2026-01-01,SKU-1018,Arroz Grano Largo 1kg,Despensa,Supermercado,Centro,Activo,0.2727693426474801,1.7129528844658684,0.0,4049.7443172847006,4049.7443172847006,4373.723862667477,4049.7443172847006
2026-01-01,SKU-1018,Arroz Grano Largo 1kg,Despensa,Supermercado,Norte,Activo,0.12882610899314662,1.7129528844658684,0.0,1912.6519048995285,1912.6519048995285,2065.6640572914907,1912.6519048995285
2026-01-01,SKU-1018,Arroz Grano Largo 1kg,Despensa,Supermercado,Sur,Activo,0.14616893276625753,1.7129528844658684,0.0,2170.1368602802895,2170.1368602802895,2343.747809102713,2170.1368602802895
2026-01-01,SKU-1019,Fideos Spaghetti 400g,Despensa,Ecommerce,Centro,Activo,0.08742419867167196,1.8031651182739419,0.0,421.7252748578686,421.7252748578686,455.4632968464981,421.7252748578686
2026-01-01,SKU-1019,Fideos Spaghetti 400g,Despensa,Ecommerce,Norte,Activo,0.030825873520069304,1.8031651182739419,0.0,148.70081945855483,148.70081945855483,160.59688501523922,148.70081945855483
2026-01-01,SKU-1019,Fideos Spaghetti 400g,Despensa,Ecommerce,Sur,Activo,0.028660121282125323,1.8031651182739419,0.0,138.25345509378516,138.25345509378516,149.31373150128798,138.25345509378516
2026-01-01,SKU-1019,Fideos Spaghetti 400g,Despensa,Mayorista,Centro,Activo,0.1476321108865146,1.8031651182739419,0.0,712.1620041984652,712.1620041984652,769.1349645343424,712.1620041984652
2026-01-01,SKU-1019,Fideos Spaghetti 400g,Despensa,Mayorista,Norte,Activo,0.06850996246029455,1.8031651182739419,0.0,330.48495940554693,330.48495940554693,356.9237561579907,330.48495940554693
2026-01-01,SKU-1019,Fideos Spaghetti 400g,Despensa,Mayorista,Sur,Activo,0.0825151602656656,1.8031651182739419,0.0,398.04458229772405,398.04458229772405,429.88814888154195,398.04458229772405
2026-01-01,SKU-1019,Fideos Spaghetti 400g,Despensa,Supermercado,Centro,Activo,0.2731735489460006,1.8031651182739419,0.0,1317.7608918762799,1317.7608918762799,1423.1817632263824,1317.7608918762799
2026-01-01,SKU-1019,Fideos Spaghetti 400g,Despensa,Supermercado,Norte,Activo,0.15347964192896332,1.8031651182739419,0.0,740.3698879833432,740.3698879833432,799.5994790220108,740.3698879833432
2026-01-01,SKU-1019,Fideos Spaghetti 400g,Despensa,Supermercado,Sur,Activo,0.12777938203869477,1.8031651182739419,0.0,616.3944975214099,616.3944975214099,665.7060573231228,616.3944975214099
2026-01-01,SKU-1020,Aceite Vegetal 900ml,Despensa,Ecommerce,Centro,Activo,0.06985466479137366,1.72162451140297,0.07407407407407407,581.8469997420121,612.9488558086872,661.9847642733822,612.9488558086872
2026-01-01,SKU-1020,Aceite Vegetal 900ml,Despensa,Ecommerce,Norte,Activo,0.032604526275412354,1.72162451140297,0.07407407407407407,271.57593337561883,286.0926630223586,308.9800760641473,286.0926630223586
2026-01-01,SKU-1020,Aceite Vegetal 900ml,Despensa,Ecommerce,Sur,Activo,0.018071005412777563,1.72162451140297,0.07407407407407407,150.5205173219116,158.56639100847062,171.25170228914826,158.56639100847062
2026-01-01,SKU-1020,Aceite Vegetal 900ml,Despensa,Mayorista,Centro,Activo,0.16869113071644717,1.72162451140297,0.07407407407407407,1405.094829151241,1480.202300970582,1598.6184850482286,1480.202300970582
2026-01-01,SKU-1020,Aceite Vegetal 900ml,Despensa,Mayorista,Norte,Activo,0.0806375996249414,1.72162451140297,0.07407407407407407,671.6623084270207,707.5651221415717,764.1703319128975,707.5651221415717
2026-01-01,SKU-1020,Aceite Vegetal 900ml,Despensa,Mayorista,Sur,Activo,0.08068021992072626,1.72162451140297,0.07407407407407407,672.0173096471195,707.939099478856,764.5742274371644,707.939099478856
2026-01-01,SKU-1020,Aceite Vegetal 900ml,Despensa,Supermercado,Centro,Activo,0.32988108937476024,1.72162451140297,0.07407407407407407,2747.7094435650843,2894.584590579157,3126.1513578254894,2894.584590579157
2026-01-01,SKU-1020,Aceite Vegetal 900ml,Despensa,Supermercado,Norte,Activo,0.10829817158931083,1.72162451140297,0.07407407407407407,902.0581002711731,950.2764140389714,1026.2985271620892,950.2764140389714
2026-01-01,SKU-1020,Aceite Vegetal 900ml,Despensa,Supermercado,Sur,Activo,0.11128159229425053,1.72162451140297,0.07407407407407407,926.9081856780925,976.4548276488604,1054.5712138607694,976.4548276488604
2026-01-01,SKU-1021,Azucar 1kg,Despensa,Ecommerce,Centro,Pausado,0.060579646981913274,2.4424173318129987,0.0,0.0,0.0,0.0,0.0
2026-01-01,SKU-1021,Azucar 1kg,Despensa,Ecommerce,Norte,Pausado,0.03007191109174112,2.4424173318129987,0.0,0.0,0.0,0.0,0.0
2026-01-01,SKU-1021,Azucar 1kg,Despensa,Ecommerce,Sur,Pausado,0.029472651993898452,2.4424173318129987,0.0,0.0,0.0,0.0,0.0
2026-01-01,SKU-1021,Azucar 1kg,Despensa,Mayorista,Centro,Pausado,0.16288951841359772,2.4424173318129987,0.0,0.0,0.0,0.0,0.0
2026-01-01,SKU-1021,Azucar 1kg,Despensa,Mayorista,Norte,Pausado,0.11075397690128569,2.4424173318129987,0.0,0.0,0.0,0.0,0.0
2026-01-01,SKU-1021,Azucar 1kg,Despensa,Mayorista,Sur,Pausado,0.08765526258444105,2.4424173318129987,0.0,0.0,0.0,0.0,0.0
2026-01-01,SKU-1021,Azucar 1kg,Despensa,Supermercado,Centro,Pausado,0.2736434953148834,2.4424173318129987,0.0,0.0,0.0,0.0,0.0
2026-01-01,SKU-1021,Azucar 1kg,Despensa,Supermercado,Norte,Pausado,0.11168010459795162,2.4424173318129987,0.0,0.0,0.0,0.0,0.0
2026-01-01,SKU-1021,Azucar 1kg,Despensa,Supermercado,Sur,Pausado,0.13325343212028765,2.4424173318129987,0.0,0.0,0.0,0.0,0.0
2026-01-01,SKU-1022,Harina 1kg,Despensa,Ecommerce,Centro,Activo,0.05614393884060088,1.733144863107313,0.14814814814814814,697.7822047040029,773.5711586219933,835.4568513117529,773.5711586219933
2026-01-01,SKU-1022,Harina 1kg,Despensa,Ecommerce,Norte,Activo,0.02651376816887006,1.733144863107313,0.14814814814814814,329.52507412084094,365.31612824776704,394.54141850758845,365.31612824776704
2026-01-01,SKU-1022,Harina 1kg,Despensa,Ecommerce,Sur,Activo,0.03177269739244759,1.733144863107313,0.14814814814814814,394.8854194010077,437.7755255861671,472.79756763306045,437.7755255861671
2026-01-01,SKU-1022,Harina 1kg,Despensa,Mayorista,Centro,Activo,0.187203272222628,1.733144863107313,0.14814814814814814,2326.646735459271,2579.3532691433247,2785.701530674791,2579.3532691433247
2026-01-01,SKU-1022,Harina 1kg,Despensa,Mayorista,Norte,Activo,0.07946826382294939,1.733144863107313,0.14814814814814814,987.6674397891873,1094.9420042247123,1182.5373645626894,1094.9420042247123
2026-01-01,SKU-1022,Harina 1kg,Despensa,Mayorista,Sur,Activo,0.11075402332432498,1.733144863107313,0.14814814814814814,1376.5009753679572,1526.00832635362,1648.0889924619096,1526.00832635362
2026-01-01,SKU-1022,Harina 1kg,Despensa,Supermercado,Centro,Activo,0.22338275752927714,1.733144863107313,0.14814814814814814,2776.3017034515296,3077.847086017688,3324.0748528991035,3077.847086017688
2026-01-01,SKU-1022,Harina 1kg,Despensa,Supermercado,Norte,Activo,0.14505879775034694,1.733144863107313,0.14814814814814814,1802.856190644601,1998.6717099175353,2158.5654467109384,1998.6717099175353
2026-01-01,SKU-1022,Harina 1kg,Despensa,Supermercado,Sur,Activo,0.139702480948555,1.733144863107313,0.14814814814814814,1736.2854685999864,1924.8704718876834,2078.8601096386983,1924.8704718876834
2026-01-01,SKU-1023,Salsa Tomate 200g,Despensa,Ecommerce,Centro,Activo,0.06367996451442988,1.5941085046692045,0.07407407407407407,778.999281406955,813.2815109043676,878.344031776717,813.2815109043676
2026-01-01,SKU-1023,Salsa Tomate 200g,Despensa,Ecommerce,Norte,Activo,0.03656677109034959,1.5941085046692045,0.07407407407407407,447.32261740347127,467.00840787238167,504.3690805021722,467.00840787238167
2026-01-01,SKU-1023,Salsa Tomate 200g,Despensa,Ecommerce,Sur,Activo,0.04130742147431454,1.5941085046692045,0.07407407407407407,505.3151629500926,527.5530915313485,569.7573388538564,527.5530915313485
2026-01-01,SKU-1023,Salsa Tomate 200g,Despensa,Mayorista,Centro,Activo,0.172132738210751,1.5941085046692045,0.07407407407407407,2105.7059374208893,2198.3739230323104,2374.2438368748954,2198.3739230323104
2026-01-01,SKU-1023,Salsa Tomate 200g,Despensa,Mayorista,Norte,Activo,0.07086024784452885,1.5941085046692045,0.07407407407407407,866.8359439600248,904.9836925866623,977.3823879935953,904.9836925866623
2026-01-01,SKU-1023,Salsa Tomate 200g,Despensa,Mayorista,Sur,Activo,0.08097917995065287,1.5941085046692045,0.07407407407407407,990.6212019981346,1034.2164968879658,1116.953816639003,1034.2164968879658
2026-01-01,SKU-1023,Salsa Tomate 200g,Despensa,Supermercado,Centro,Activo,0.28033600399212666,1.5941085046692045,0.07407407407407407,3429.3603541955285,3580.2797728624137,3866.702154691407,3580.2797728624137
2026-01-01,SKU-1023,Salsa Tomate 200g,Despensa,Supermercado,Norte,Activo,0.1284688530952843,1.5941085046692045,0.07407407407407407,1571.5640705441137,1640.7255209102477,1771.9835625830676,1640.7255209102477
2026-01-01,SKU-1023,Salsa Tomate 200g,Despensa,Supermercado,Sur,Activo,0.1256688198275623,1.5941085046692045,0.07407407407407407,1537.311163525349,1604.965210678928,1733.3624275332425,1604.965210678928
2026-01-01,SKU-1024,Atun Lomitos 160g,Despensa,Ecommerce,Centro,Activo,0.054227289486372274,1.7532984293193716,0.0,652.9621299543504,652.9621299543504,705.1991003506985,652.9621299543504
2026-01-01,SKU-1024,Atun Lomitos 160g,Despensa,Ecommerce,Norte,Activo,0.027056921637028844,1.7532984293193716,0.0,325.7980501968882,325.7980501968882,351.8618942126393,325.7980501968882
2026-01-01,SKU-1024,Atun Lomitos 160g,Despensa,Ecommerce,Sur,Activo,0.03253070138120764,1.7532984293193716,0.0,391.7089764945815,391.7089764945815,423.0456946141481,391.7089764945815
2026-01-01,SKU-1024,Atun Lomitos 160g,Despensa,Mayorista,Centro,Activo,0.154400294960152,1.7532984293193716,0.0,1859.1662319411523,1859.1662319411523,2007.8995304964446,1859.1662319411523
2026-01-01,SKU-1024,Atun Lomitos 160g,Despensa,Mayorista,Norte,Activo,0.0834680507104569,1.7532984293193716,0.0,1005.0562491922872,1005.0562491922872,1085.4607491276702,1005.0562491922872
2026-01-01,SKU-1024,Atun Lomitos 160g,Despensa,Mayorista,Sur,Activo,0.0756119005076718,1.7532984293193716,0.0,910.4587021225409,910.4587021225409,983.2953982923442,910.4587021225409
2026-01-01,SKU-1024,Atun Lomitos 160g,Despensa,Supermercado,Centro,Activo,0.30097280127059756,1.7532984293193716,0.0,3624.0764242027017,3624.0764242027017,3914.002538138918,3624.0764242027017
2026-01-01,SKU-1024,Atun Lomitos 160g,Despensa,Supermercado,Norte,Activo,0.11611219830397912,1.7532984293193716,0.0,1398.1312552474426,1398.1312552474426,1509.981755667238,1398.1312552474426
2026-01-01,SKU-1024,Atun Lomitos 160g,Despensa,Supermercado,Sur,Activo,0.15561984174253382,1.7532984293193716,0.0,1873.8510497173224,1873.8510497173224,2023.7591336947085,1873.8510497173224
2026-01-01,SKU-1025,Legumbres Mix 500g,Despensa,Ecommerce,Centro,Activo,0.0634648370497427,1.7396449704142012,0.1111111111111111,306.34329001713974,331.51943153728604,358.04098606026895,331.51943153728604
2026-01-01,SKU-1025,Legumbres Mix 500g,Despensa,Ecommerce,Norte,Activo,0.03702115494568325,1.7396449704142012,0.1111111111111111,178.7002525099982,193.38633506341688,208.85724186849023,193.38633506341688
2026-01-01,SKU-1025,Legumbres Mix 500g,Despensa,Ecommerce,Sur,Activo,0.04909948542024014,1.7396449704142012,0.1111111111111111,237.00207234434126,256.4795602095896,276.99792502635677,256.4795602095896
2026-01-01,SKU-1025,Legumbres Mix 500g,Despensa,Mayorista,Centro,Activo,0.15587478559176673,1.7396449704142012,0.1111111111111111,752.4039589272319,814.238603809483,879.3776921142418,814.238603809483
2026-01-01,SKU-1025,Legumbres Mix 500g,Despensa,Mayorista,Norte,Activo,0.07504288164665524,1.7396449704142012,0.1111111111111111,362.2302415743207,391.9993278312504,423.3592740577505,391.9993278312504
2026-01-01,SKU-1025,Legumbres Mix 500g,Despensa,Mayorista,Sur,Activo,0.08411949685534591,1.7396449704142012,0.1111111111111111,406.0428517456909,439.41257986417304,474.56558625330695,439.41257986417304
2026-01-01,SKU-1025,Legumbres Mix 500g,Despensa,Supermercado,Centro,Activo,0.254073756432247,1.7396449704142012,0.1111111111111111,1226.4081036159143,1327.197724228662,1433.3735421669553,1327.197724228662
2026-01-01,SKU-1025,Legumbres Mix 500g,Despensa,Supermercado,Norte,Activo,0.137221269296741,1.7396449704142012,0.1111111111111111,662.3638703073293,716.7987708914294,774.1426725627438,716.7987708914294
2026-01-01,SKU-1025,Legumbres Mix 500g,Despensa,Supermercado,Sur,Activo,0.14408233276157806,1.7396449704142012,0.1111111111111111,695.4820638226957,752.6387094360009,812.849806190881,752.6387094360009
2026-01-01,SKU-1007,Galleta Avena 180g,Galletas,Ecommerce,Centro,Activo,0.05801204652066506,1.8868673503142575,0.1111111111111111,716.9147723008743,787.5601394688327,850.5649506263395,787.5601394688327
2026-01-01,SKU-1007,Galleta Avena 180g,Galletas,Ecommerce,Norte,Activo,0.032475643267549335,1.8868673503142575,0.1111111111111111,401.33506391962817,440.8829488892508,476.15358480039095,440.8829488892508
2026-01-01,SKU-1007,Galleta Avena 180g,Galletas,Ecommerce,Sur,Activo,0.02870069669969745,1.8868673503142575,0.1111111111111111,354.6841505067484,389.63501636879096,420.80581767829426,389.63501636879096
2026-01-01,SKU-1007,Galleta Avena 180g,Galletas,Mayorista,Centro,Activo,0.14738945790657007,1.8868673503142575,0.1111111111111111,1821.4437516352357,2000.9303064973694,2161.004731017159,2000.9303064973694
2026-01-01,SKU-1007,Galleta Avena 180g,Galletas,Mayorista,Norte,Activo,0.06675548893885141,1.8868673503142575,0.1111111111111111,824.9665202792357,906.2593949390157,978.760146534137,906.2593949390157
2026-01-01,SKU-1007,Galleta Avena 180g,Galletas,Mayorista,Sur,Activo,0.1049768229383518,1.8868673503142575,0.1111111111111111,1297.3070185846443,1425.1447117086725,1539.1562886453664,1425.1447117086725
2026-01-01,SKU-1007,Galleta Avena 180g,Galletas,Supermercado,Centro,Activo,0.24609320787187386,1.8868673503142575,0.1111111111111111,3041.227928813182,3340.913012694101,3608.186053709629,3340.913012694101
2026-01-01,SKU-1007,Galleta Avena 180g,Galletas,Supermercado,Norte,Activo,0.12379604185749576,1.8868673503142575,0.1111111111111111,1529.8755428047366,1680.6307282444948,1815.0811865040546,1680.6307282444948
2026-01-01,SKU-1007,Galleta Avena 180g,Galletas,Supermercado,Sur,Activo,0.19180059399894522,1.8868673503142575,0.1111111111111111,2370.2780270808807,2603.8471596792506,2812.154932453591,2603.8471596792506
2026-01-01,SKU-1008,Galleta Chocolate 200g,Galletas,Ecommerce,Centro,Activo,0.07760693064816075,1.8100584222042841,0.0,675.0599906425838,675.0599906425838,729.0647898939906,675.0599906425838
2026-01-01,SKU-1008,Galleta Chocolate 200g,Galletas,Ecommerce,Norte,Activo,0.026806368213362363,1.8100584222042841,0.0,233.17384831663765,233.17384831663765,251.82775618196868,233.17384831663765
2026-01-01,SKU-1008,Galleta Chocolate 200g,Galletas,Ecommerce,Sur,Activo,0.03274821971243253,1.8100584222042841,0.0,284.8587453208331,284.8587453208331,307.64744494649983,284.8587453208331
2026-01-01,SKU-1008,Galleta Chocolate 200g,Galletas,Mayorista,Centro,Activo,0.17267655463328344,1.8100584222042841,0.0,1502.0183427097115,1502.0183427097115,1622.1798101264885,1502.0183427097115
2026-01-01,SKU-1008,Galleta Chocolate 200g,Galletas,Mayorista,Norte,Activo,0.06703859935592144,1.8100584222042841,0.0,583.1318913908467,583.1318913908467,629.7824427021145,583.1318913908467
2026-01-01,SKU-1008,Galleta Chocolate 200g,Galletas,Mayorista,Sur,Activo,0.07910373293418606,1.8100584222042841,0.0,688.079850193259,688.079850193259,743.1262382087198,688.079850193259
2026-01-01,SKU-1008,Galleta Chocolate 200g,Galletas,Supermercado,Centro,Activo,0.30031296775071437,1.8100584222042841,0.0,2612.257275303651,2612.257275303651,2821.2378573279434,2612.257275303651
2026-01-01,SKU-1008,Galleta Chocolate 200g,Galletas,Supermercado,Norte,Activo,0.12373565564475893,1.8100584222042841,0.0,1076.3083895224831,1076.3083895224831,1162.4130606842818,1076.3083895224831
2026-01-01,SKU-1008,Galleta Chocolate 200g,Galletas,Supermercado,Sur,Activo,0.11997097110718012,1.8100584222042841,0.0,1043.5614700465426,1043.5614700465426,1127.046387650266,1043.5614700465426
2026-01-01,SKU-1009,Galleta Salada 150g,Galletas,Ecommerce,Centro,Activo,0.06265360910500246,1.7821671358843614,0.0,492.9005718898951,492.9005718898951,532.3326176410867,492.9005718898951
2026-01-01,SKU-1009,Galleta Salada 150g,Galletas,Ecommerce,Norte,Activo,0.03316066094453057,1.7821671358843614,0.0,260.87736967256365,260.87736967256365,281.7475592463688,260.87736967256365
2026-01-01,SKU-1009,Galleta Salada 150g,Galletas,Ecommerce,Sur,Activo,0.027640186032442244,1.7821671358843614,0.0,217.4473856677811,217.4473856677811,234.84317652120362,217.4473856677811
2026-01-01,SKU-1009,Galleta Salada 150g,Galletas,Mayorista,Centro,Activo,0.1524180436344387,1.7821671358843614,0.0,1199.084010433414,1199.084010433414,1295.0107312680873,1199.084010433414
2026-01-01,SKU-1009,Galleta Salada 150g,Galletas,Mayorista,Norte,Activo,0.07350550156917608,1.7821671358843614,0.0,578.2732116801183,578.2732116801183,624.5350686145277,578.2732116801183
2026-01-01,SKU-1009,Galleta Salada 150g,Galletas,Mayorista,Sur,Activo,0.07649260785722388,1.7821671358843614,0.0,601.7729975457197,601.7729975457197,649.9148373493774,601.7729975457197
2026-01-01,SKU-1009,Galleta Salada 150g,Galletas,Supermercado,Centro,Activo,0.33421560101334746,1.7821671358843614,0.0,2629.2988261525543,2629.2988261525543,2839.642732244759,2629.2988261525543
2026-01-01,SKU-1009,Galleta Salada 150g,Galletas,Supermercado,Norte,Activo,0.12148825953794382,1.7821671358843614,0.0,955.7571137490844,955.7571137490844,1032.2176828490112,955.7571137490844
2026-01-01,SKU-1009,Galleta Salada 150g,Galletas,Supermercado,Sur,Activo,0.11842553030589481,1.7821671358843614,0.0,931.6623965957461,931.6623965957461,1006.195388323406,931.6623965957461
2026-01-01,SKU-1010,Barra Cereal Pack 6,Galletas,Ecommerce,Centro,Activo,0.059348792992224904,1.6293423816448538,0.0,509.6631812162366,509.6631812162366,550.4362357135356,509.6631812162366
2026-01-01,SKU-1010,Barra Cereal Pack 6,Galletas,Ecommerce,Norte,Activo,0.031100397243065223,1.6293423816448538,0.0,267.0775022849386,267.0775022849386,288.4437024677337,267.0775022849386
2026-01-01,SKU-1010,Barra Cereal Pack 6,Galletas,Ecommerce,Sur,Activo,0.027297728584524495,1.6293423816448538,0.0,234.4217378134177,234.4217378134177,253.17547683849114,234.4217378134177
2026-01-01,SKU-1010,Barra Cereal Pack 6,Galletas,Mayorista,Centro,Activo,0.1638882287033579,1.6293423816448538,0.0,1407.4051348574221,1407.4051348574221,1519.9975456460159,1407.4051348574221
2026-01-01,SKU-1010,Barra Cereal Pack 6,Galletas,Mayorista,Norte,Activo,0.08308151970936746,1.6293423816448538,0.0,713.4701398376034,713.4701398376034,770.5477510246117,713.4701398376034
2026-01-01,SKU-1010,Barra Cereal Pack 6,Galletas,Mayorista,Sur,Activo,0.0711981801514277,1.6293423816448538,0.0,611.4208758641007,611.4208758641007,660.3345459332288,611.4208758641007
2026-01-01,SKU-1010,Barra Cereal Pack 6,Galletas,Supermercado,Centro,Activo,0.3150782602790887,1.6293423816448538,0.0,2705.763341926015,2705.763341926015,2922.2244092800966,2705.763341926015
2026-01-01,SKU-1010,Barra Cereal Pack 6,Galletas,Supermercado,Norte,Activo,0.11163548704715988,1.6293423816448538,0.0,958.6799426996486,958.6799426996486,1035.3743381156205,958.6799426996486
2026-01-01,SKU-1010,Barra Cereal Pack 6,Galletas,Supermercado,Sur,Activo,0.13737140528978373,1.6293423816448538,0.0,1179.6894915336916,1179.6894915336916,1274.064650856387,1179.6894915336916
2026-01-01,SKU-1011,Snack Mix 120g,Galletas,Ecommerce,Centro,Activo,0.06848693416026926,1.7718032524313152,0.0,677.3374553190333,677.3374553190333,731.524451744556,677.3374553190333
2026-01-01,SKU-1011,Snack Mix 120g,Galletas,Ecommerce,Norte,Activo,0.03774155731195401,1.7718032524313152,0.0,373.26492568105755,373.26492568105755,403.1261197355422,373.26492568105755
2026-01-01,SKU-1011,Snack Mix 120g,Galletas,Ecommerce,Sur,Activo,0.032749688008168513,1.7718032524313152,0.0,323.8952160719397,323.8952160719397,349.8068333576949,323.8952160719397
2026-01-01,SKU-1011,Snack Mix 120g,Galletas,Mayorista,Centro,Activo,0.1700260938622698,1.7718032524313152,0.0,1681.5622303226803,1681.5622303226803,1816.087208748495,1681.5622303226803
2026-01-01,SKU-1011,Snack Mix 120g,Galletas,Mayorista,Norte,Activo,0.062209280338842037,1.7718032524313152,0.0,615.2513053560518,615.2513053560518,664.471409784536,615.2513053560518
2026-01-01,SKU-1011,Snack Mix 120g,Galletas,Mayorista,Sur,Activo,0.0860341111069092,1.7718032524313152,0.0,850.8794648541142,850.8794648541142,918.9498220424434,850.8794648541142
2026-01-01,SKU-1011,Snack Mix 120g,Galletas,Supermercado,Centro,Activo,0.27443936013311654,1.7718032524313152,0.0,2714.2119896467284,2714.2119896467284,2931.348948818467,2714.2119896467284
2026-01-01,SKU-1011,Snack Mix 120g,Galletas,Supermercado,Norte,Activo,0.13413757894338765,1.7718032524313152,0.0,1326.6239392692496,1326.6239392692496,1432.7538544107897,1326.6239392692496
2026-01-01,SKU-1011,Snack Mix 120g,Galletas,Supermercado,Sur,Activo,0.134175396135083,1.7718032524313152,0.0,1326.997952220834,1326.997952220834,1433.1577883985008,1326.997952220834
2026-01-01,SKU-1001,Yogurt Natural 1L,Lacteos,Ecommerce,Centro,Activo,0.06072356586048371,1.9050386657544744,0.0,473.1807464872491,473.1807464872491,511.0352062062291,473.1807464872491
2026-01-01,SKU-1001,Yogurt Natural 1L,Lacteos,Ecommerce,Norte,Activo,0.032940235858484906,1.9050386657544744,0.0,256.6826432557559,256.6826432557559,277.2172547162164,256.6826432557559
2026-01-01,SKU-1001,Yogurt Natural 1L,Lacteos,Ecommerce,Sur,Activo,0.033339996002398564,1.9050386657544744,0.0,259.79772387779184,259.79772387779184,280.5815417880152,259.79772387779184
2026-01-01,SKU-1001,Yogurt Natural 1L,Lacteos,Mayorista,Centro,Activo,0.14459324405356785,1.9050386657544744,0.0,1126.7246609903752,1126.7246609903752,1216.8626338696054,1126.7246609903752
2026-01-01,SKU-1001,Yogurt Natural 1L,Lacteos,Mayorista,Norte,Activo,0.06867879272436538,1.9050386657544744,0.0,535.1708508657629,535.1708508657629,577.984518935024,535.1708508657629
2026-01-01,SKU-1001,Yogurt Natural 1L,Lacteos,Mayorista,Sur,Activo,0.07391565060963422,1.9050386657544744,0.0,575.9784070144328,575.9784070144328,622.0566795755875,575.9784070144328
2026-01-01,SKU-1001,Yogurt Natural 1L,Lacteos,Supermercado,Centro,Activo,0.3032580451728963,1.9050386657544744,0.0,2363.1001598764133,2363.1001598764133,2552.1481726665265,2363.1001598764133
2026-01-01,SKU-1001,Yogurt Natural 1L,Lacteos,Supermercado,Norte,Activo,0.14015590645612633,1.9050386657544744,0.0,1092.1472660857771,1092.1472660857771,1179.5190473726393,1092.1472660857771
2026-01-01,SKU-1001,Yogurt Natural 1L,Lacteos,Supermercado,Sur,Activo,0.14239456326204278,1.9050386657544744,0.0,1109.591717569178,1109.591717569178,1198.3590549747123,1109.591717569178
2026-01-01,SKU-1002,Yogurt Frutado Pack 4,Lacteos,Ecommerce,Centro,Activo,0.07388652319024053,1.7203473106614469,0.0,433.7942134206106,433.7942134206106,468.4977504942595,433.7942134206106
2026-01-01,SKU-1002,Yogurt Frutado Pack 4,Lacteos,Ecommerce,Norte,Activo,0.029289906778685693,1.7203473106614469,0.0,171.96359394944767,171.96359394944767,185.7206814654035,171.96359394944767
2026-01-01,SKU-1002,Yogurt Frutado Pack 4,Lacteos,Ecommerce,Sur,Activo,0.03245482794337668,1.7203473106614469,0.0,190.54512178288505,190.54512178288505,205.78873152551586,190.54512178288505
2026-01-01,SKU-1002,Yogurt Frutado Pack 4,Lacteos,Mayorista,Centro,Activo,0.17666014501093336,1.7203473106614469,0.0,1037.1870990664133,1037.1870990664133,1120.1620669917263,1037.1870990664133
2026-01-01,SKU-1002,Yogurt Frutado Pack 4,Lacteos,Mayorista,Norte,Activo,0.05806191736678559,1.7203473106614469,0.0,340.8865742534238,340.8865742534238,368.15750019369773,340.8865742534238
2026-01-01,SKU-1002,Yogurt Frutado Pack 4,Lacteos,Mayorista,Sur,Activo,0.06807457705144436,1.7203473106614469,0.0,399.6717713992075,399.6717713992075,431.6455131111441,399.6717713992075
2026-01-01,SKU-1002,Yogurt Frutado Pack 4,Lacteos,Supermercado,Centro,Activo,0.286569225457475,1.7203473106614469,0.0,1682.4728838276021,1682.4728838276021,1817.0707145338104,1682.4728838276021
2026-01-01,SKU-1002,Yogurt Frutado Pack 4,Lacteos,Supermercado,Norte,Activo,0.13384739325584072,1.7203473106614469,0.0,785.8297043740969,785.8297043740969,848.6960807240247,785.8297043740969
2026-01-01,SKU-1002,Yogurt Frutado Pack 4,Lacteos,Supermercado,Sur,Activo,0.1411554839452181,1.7203473106614469,0.0,828.7361413713069,828.7361413713069,895.0350326810114,828.7361413713069
2026-01-01,SKU-1003,Leche Entera 1L,Lacteos,Ecommerce,Centro,Activo,0.06551024174201882,1.7639887438376745,0.1111111111111111,237.3777933259302,257.52823356348983,278.13049224856906,257.52823356348983
2026-01-01,SKU-1003,Leche Entera 1L,Lacteos,Ecommerce,Norte,Activo,0.02943347481085071,1.7639887438376745,0.1111111111111111,106.65283953657992,115.70634719261024,124.96285496801906,115.70634719261024
2026-01-01,SKU-1003,Leche Entera 1L,Lacteos,Ecommerce,Sur,Activo,0.02472780955895922,1.7639887438376745,0.1111111111111111,89.60175860753424,97.20784027466942,104.98446749664298,97.20784027466942
2026-01-01,SKU-1003,Leche Entera 1L,Lacteos,Mayorista,Centro,Activo,0.137479239712124,1.7639887438376745,0.1111111111111111,498.1590310642761,540.4465746614082,583.682300634321,540.4465746614082
2026-01-01,SKU-1003,Leche Entera 1L,Lacteos,Mayorista,Norte,Activo,0.09789629082856616,1.7639887438376745,0.1111111111111111,354.7293503081859,384.84148705755314,415.62880602215745,384.84148705755314
2026-01-01,SKU-1003,Leche Entera 1L,Lacteos,Mayorista,Sur,Activo,0.10315556375715076,1.7639887438376745,0.1111111111111111,373.7864407582958,405.5162889070164,437.95759201957776,405.5162889070164
2026-01-01,SKU-1003,Leche Entera 1L,Lacteos,Supermercado,Centro,Activo,0.27071415390293413,1.7639887438376745,0.1111111111111111,980.9386558003933,1064.2082215144778,1149.3448792356362,1064.2082215144778
2026-01-01,SKU-1003,Leche Entera 1L,Lacteos,Supermercado,Norte,Activo,0.12548440671710648,1.7639887438376745,0.1111111111111111,454.69549144121845,493.29351781175524,532.7569992366957,493.29351781175524
2026-01-01,SKU-1003,Leche Entera 1L,Lacteos,Supermercado,Sur,Activo,0.14559881897028973,1.7639887438376745,0.1111111111111111,527.5805040398844,572.3655669904042,618.1548123496366,572.3655669904042
2026-01-01,SKU-1004,Leche Descremada 1L,Lacteos,Ecommerce,Centro,Activo,0.07417607637932618,1.7585227272727273,0.0,275.80158150987774,275.80158150987774,297.865708030668,275.80158150987774
2026-01-01,SKU-1004,Leche Descremada 1L,Lacteos,Ecommerce,Norte,Activo,0.029193059763150647,1.7585227272727273,0.0,108.54567193086771,108.54567193086771,117.22932568533714,108.54567193086771
2026-01-01,SKU-1004,Leche Descremada 1L,Lacteos,Ecommerce,Sur,Activo,0.03185531993023042,1.7585227272727273,0.0,118.44449106921728,118.44449106921728,127.92005035475466,118.44449106921728
2026-01-01,SKU-1004,Leche Descremada 1L,Lacteos,Mayorista,Centro,Activo,0.163499495088589,1.7585227272727273,0.0,607.9240305310547,607.9240305310547,656.5579529735392,607.9240305310547
2026-01-01,SKU-1004,Leche Descremada 1L,Lacteos,Mayorista,Norte,Activo,0.07784815936840173,1.7585227272727273,0.0,289.4551251489806,289.4551251489806,312.61153516089905,289.4551251489806
2026-01-01,SKU-1004,Leche Descremada 1L,Lacteos,Mayorista,Sur,Activo,0.08152024235747728,1.7585227272727273,0.0,303.10866878808343,303.10866878808343,327.35736229113013,303.10866878808343
2026-01-01,SKU-1004,Leche Descremada 1L,Lacteos,Supermercado,Centro,Activo,0.26741944367942716,1.7585227272727273,0.0,994.3193155176656,994.3193155176656,1073.864860759079,994.3193155176656
2026-01-01,SKU-1004,Leche Descremada 1L,Lacteos,Supermercado,Norte,Activo,0.148627558982833,1.7585227272727273,0.0,552.6271787926881,552.6271787926881,596.8373530961032,552.6271787926881
2026-01-01,SKU-1004,Leche Descremada 1L,Lacteos,Supermercado,Sur,Activo,0.12586064445056458,1.7585227272727273,0.0,467.9752082302504,467.9752082302504,505.41322488867047,467.9752082302504
2026-01-01,SKU-1005,Queso Untable 250g,Lacteos,Ecommerce,Centro,Activo,0.05647482014388489,1.5603271983640081,0.0,167.4860167245948,167.4860167245948,180.8848980625624,167.4860167245948
2026-01-01,SKU-1005,Queso Untable 250g,Lacteos,Ecommerce,Norte,Activo,0.03177458033573141,1.5603271983640081,0.0,94.23310919748964,94.23310919748964,101.77175793328882,94.23310919748964
2026-01-01,SKU-1005,Queso Untable 250g,Lacteos,Ecommerce,Sur,Activo,0.029616306954436452,1.5603271983640081,0.0,87.83236970482997,87.83236970482997,94.85895928121639,87.83236970482997
2026-01-01,SKU-1005,Queso Untable 250g,Lacteos,Mayorista,Centro,Activo,0.18489208633093526,1.5603271983640081,0.0,548.3300165378455,548.3300165378455,592.1964178608731,548.3300165378455
2026-01-01,SKU-1005,Queso Untable 250g,Lacteos,Mayorista,Norte,Activo,0.07853717026378897,1.5603271983640081,0.0,232.91579820511592,232.91579820511592,251.5490620615252,232.91579820511592
2026-01-01,SKU-1005,Queso Untable 250g,Lacteos,Mayorista,Sur,Activo,0.07398081534772183,1.5603271983640081,0.0,219.4031259428344,219.4031259428344,236.95537601826118,219.4031259428344
2026-01-01,SKU-1005,Queso Untable 250g,Lacteos,Supermercado,Centro,Activo,0.2673860911270983,1.5603271983640081,0.0,792.9805038128375,792.9805038128375,856.4189441178645,792.9805038128375
2026-01-01,SKU-1005,Queso Untable 250g,Lacteos,Supermercado,Norte,Activo,0.13573141486810553,1.5603271983640081,0.0,402.53539476059734,402.53539476059734,434.73822634144517,402.53539476059734
2026-01-01,SKU-1005,Queso Untable 250g,Lacteos,Supermercado,Sur,Activo,0.14160671462829735,1.5603271983640081,0.0,419.95963004617084,419.95963004617084,453.55640044986455,419.95963004617084
2026-01-01,SKU-1006,Manjar 400g,Lacteos,Ecommerce,Centro,Activo,0.06433365292425695,1.7712687161651397,0.0,228.70504178110264,228.70504178110264,247.00144512359086,228.70504178110264
2026-01-01,SKU-1006,Manjar 400g,Lacteos,Ecommerce,Norte,Activo,0.024928092042186004,1.7712687161651397,0.0,88.61894316406361,88.61894316406361,95.70845861718871,88.61894316406361
2026-01-01,SKU-1006,Manjar 400g,Lacteos,Ecommerce,Sur,Activo,0.03307766059443912,1.7712687161651397,0.0,117.59052073693056,117.59052073693056,126.997762395885,117.59052073693056
2026-01-01,SKU-1006,Manjar 400g,Lacteos,Mayorista,Centro,Activo,0.17823585810162992,1.7712687161651397,0.0,633.6254436230548,633.6254436230548,684.3154791128992,633.6254436230548
2026-01-01,SKU-1006,Manjar 400g,Lacteos,Mayorista,Norte,Activo,0.08149568552253116,1.7712687161651397,0.0,289.7157757286695,289.7157757286695,312.893037786963,289.7157757286695
2026-01-01,SKU-1006,Manjar 400g,Lacteos,Mayorista,Sur,Activo,0.07430488974113135,1.7712687161651397,0.0,264.15261904672803,264.15261904672803,285.2848285704663,264.15261904672803
2026-01-01,SKU-1006,Manjar 400g,Lacteos,Supermercado,Centro,Activo,0.29837008628954936,1.7712687161651397,0.0,1060.7005812560228,1060.7005812560228,1145.5566277565047,1060.7005812560228
2026-01-01,SKU-1006,Manjar 400g,Lacteos,Supermercado,Norte,Activo,0.10767018216682646,1.7712687161651397,0.0,382.76566605093626,382.76566605093626,413.38691933501116,382.76566605093626
2026-01-01,SKU-1006,Manjar 400g,Lacteos,Supermercado,Sur,Activo,0.13758389261744966,1.7712687161651397,0.0,489.10839784781257,489.10839784781257,528.2370696756376,489.10839784781257
2026-02-01,SKU-1012,Jugo Naranja 1L,Bebidas,Ecommerce,Centro,Activo,0.06436959893640594,1.675392670157068,0.0,406.4649541986658,406.4649541986658,438.9821505345591,406.4649541986658
2026-02-01,SKU-1012,Jugo Naranja 1L,Bebidas,Ecommerce,Norte,Activo,0.03611788167516065,1.675392670157068,0.0,228.0681154367729,228.0681154367729,246.31356467171474,228.0681154367729
2026-02-01,SKU-1012,Jugo Naranja 1L,Bebidas,Ecommerce,Sur,Activo,0.02891646354974518,1.675392670157068,0.0,182.59441143864333,182.59441143864333,197.2019643537348,182.59441143864333
2026-02-01,SKU-1012,Jugo Naranja 1L,Bebidas,Mayorista,Centro,Activo,0.1837469532461777,1.675392670157068,0.0,1160.279047398429,1160.279047398429,1253.1013711903033,1160.279047398429
2026-02-01,SKU-1012,Jugo Naranja 1L,Bebidas,Mayorista,Norte,Activo,0.0722357633503213,1.675392670157068,0.0,456.1362308735458,456.1362308735458,492.6271293434295,456.1362308735458
2026-02-01,SKU-1012,Jugo Naranja 1L,Bebidas,Mayorista,Sur,Activo,0.07461777088411256,1.675392670157068,0.0,471.1775329652348,471.1775329652348,508.8717356024536,471.1775329652348
2026-02-01,SKU-1012,Jugo Naranja 1L,Bebidas,Supermercado,Centro,Activo,0.25055395524041657,1.675392670157068,0.0,1582.1351014118463,1582.1351014118463,1708.7059095247942,1582.1351014118463
2026-02-01,SKU-1012,Jugo Naranja 1L,Bebidas,Supermercado,Norte,Activo,0.13904276534456017,1.675392670157068,0.0,877.9922848869633,877.9922848869633,948.2316676779203,877.9922848869633
2026-02-01,SKU-1012,Jugo Naranja 1L,Bebidas,Supermercado,Sur,Activo,0.15039884777309995,1.675392670157068,0.0,949.7008181147829,949.7008181147829,1025.6768835639657,949.7008181147829
2026-02-01,SKU-1013,Jugo Manzana 1L,Bebidas,Ecommerce,Centro,Activo,0.061882967053750425,1.6965448589199297,0.0,449.5413993434541,449.5413993434541,485.50471129093046,449.5413993434541
2026-02-01,SKU-1013,Jugo Manzana 1L,Bebidas,Ecommerce,Norte,Activo,0.036312743503423235,1.6965448589199297,0.0,263.7895741868679,263.7895741868679,284.8927401218174,263.7895741868679
2026-02-01,SKU-1013,Jugo Manzana 1L,Bebidas,Ecommerce,Sur,Activo,0.029617581419979572,1.6965448589199297,0.0,215.15337144616413,215.15337144616413,232.3656411618573,215.15337144616413
2026-02-01,SKU-1013,Jugo Manzana 1L,Bebidas,Mayorista,Centro,Activo,0.17456594923781063,1.6965448589199297,0.0,1268.1134217420786,1268.1134217420786,1369.562495481445,1268.1134217420786
2026-02-01,SKU-1013,Jugo Manzana 1L,Bebidas,Mayorista,Norte,Activo,0.06971290237167606,1.6965448589199297,0.0,506.42102627749745,506.42102627749745,546.9347083796973,506.42102627749745
2026-02-01,SKU-1013,Jugo Manzana 1L,Bebidas,Mayorista,Sur,Activo,0.07637023868063698,1.6965448589199297,0.0,554.7824482117566,554.7824482117566,599.1650440686972,554.7824482117566
2026-02-01,SKU-1013,Jugo Manzana 1L,Bebidas,Supermercado,Centro,Activo,0.302644021636343,1.6965448589199297,0.0,2198.5212323636774,2198.5212323636774,2374.402930952772,2198.5212323636774
2026-02-01,SKU-1013,Jugo Manzana 1L,Bebidas,Supermercado,Norte,Activo,0.11544426372129969,1.6965448589199297,0.0,838.6310212690843,838.6310212690843,905.7215029706111,838.6310212690843
2026-02-01,SKU-1013,Jugo Manzana 1L,Bebidas,Supermercado,Sur,Activo,0.1334493323750804,1.6965448589199297,0.0,969.4266851367397,969.4266851367397,1046.980819947679,969.4266851367397
2026-02-01,SKU-1014,Agua Saborizada 500ml,Bebidas,Ecommerce,Centro,Activo,0.053554987212276216,1.690721649484536,0.1111111111111111,326.42379377958247,351.47579169851946,379.59385503440103,351.47579169851946
2026-02-01,SKU-1014,Agua Saborizada 500ml,Bebidas,Ecommerce,Norte,Activo,0.029104859335038362,1.690721649484536,0.1111111111111111,177.397458128541,191.01215422775317,206.2931265659734,191.01215422775317
2026-02-01,SKU-1014,Agua Saborizada 500ml,Bebidas,Ecommerce,Sur,Activo,0.026445012787723786,1.690721649484536,0.1111111111111111,161.1853881413984,173.55585893804638,187.4403276530901,173.55585893804638
2026-02-01,SKU-1014,Agua Saborizada 500ml,Bebidas,Mayorista,Centro,Activo,0.21253196930946291,1.690721649484536,0.1111111111111111,1295.4067460880278,1394.8251332448408,1506.4111439044282,1394.8251332448408
2026-02-01,SKU-1014,Agua Saborizada 500ml,Bebidas,Mayorista,Norte,Activo,0.0818925831202046,1.690721649484536,0.1111111111111111,499.14469325798615,537.4524761311649,580.448674221658,537.4524761311649
2026-02-01,SKU-1014,Agua Saborizada 500ml,Bebidas,Mayorista,Sur,Activo,0.07058823529411765,1.690721649484536,0.1111111111111111,430.2433958126301,463.26322114991103,500.32427884190395,463.26322114991103
2026-02-01,SKU-1014,Agua Saborizada 500ml,Bebidas,Supermercado,Centro,Activo,0.2448081841432225,1.690721649484536,0.1111111111111111,1492.1339799704695,1606.6505626257058,1735.1826076357625,1606.6505626257058
2026-02-01,SKU-1014,Agua Saborizada 500ml,Bebidas,Supermercado,Norte,Activo,0.15043478260869564,1.690721649484536,0.1111111111111111,916.9172660035834,987.2877778274552,1066.2708000536518,987.2877778274552
2026-02-01,SKU-1014,Agua Saborizada 500ml,Bebidas,Supermercado,Sur,Activo,0.1306393861892583,1.690721649484536,0.1111111111111111,796.2620528300415,857.3726571136758,925.9624696827699,857.3726571136758
2026-02-01,SKU-1015,Bebida Isotonica 600ml,Bebidas,Ecommerce,Centro,Activo,0.07262073863636363,1.6883561643835616,0.07407407407407407,525.8804423473786,552.6947419191247,596.9103212726546,552.6947419191247
2026-02-01,SKU-1015,Bebida Isotonica 600ml,Bebidas,Ecommerce,Norte,Activo,0.026899857954545456,1.6883561643835616,0.07407407407407407,194.7943447814862,204.72678093092273,221.10492340539653,204.72678093092273
2026-02-01,SKU-1015,Bebida Isotonica 600ml,Bebidas,Ecommerce,Sur,Activo,0.033513849431818184,1.6883561643835616,0.07407407407407407,242.68932394393082,255.0638937340704,275.469005232796,255.0638937340704
2026-02-01,SKU-1015,Bebida Isotonica 600ml,Bebidas,Mayorista,Centro,Activo,0.16539417613636365,1.6883561643835616,0.07407407407407407,1197.6959218742863,1258.7656530505249,1359.466905294567,1258.7656530505249
2026-02-01,SKU-1015,Bebida Isotonica 600ml,Bebidas,Mayorista,Norte,Activo,0.06458629261363637,1.6883561643835616,0.07407407407407407,467.69929316346935,491.5469740173145,530.8707319386996,491.5469740173145
2026-02-01,SKU-1015,Bebida Isotonica 600ml,Bebidas,Mayorista,Sur,Activo,0.06325461647727272,1.6883561643835616,0.07407407407407407,458.0560087683462,481.4119848623182,519.9249436513037,481.4119848623182
2026-02-01,SKU-1015,Bebida Isotonica 600ml,Bebidas,Supermercado,Centro,Activo,0.2561257102272727,1.6883561643835616,0.07407407407407407,1854.7250319953387,1949.2962474775973,2105.239947275805,1949.2962474775973
2026-02-01,SKU-1015,Bebida Isotonica 600ml,Bebidas,Supermercado,Norte,Activo,0.17742365056818182,1.6883561643835616,0.07407407407407407,1284.806924243565,1350.3183884173236,1458.3438594907095,1350.3183884173236
2026-02-01,SKU-1015,Bebida Isotonica 600ml,Bebidas,Supermercado,Sur,Activo,0.14018110795454544,1.6883561643835616,0.07407407407407407,1015.1164039932893,1066.8765250492638,1152.226647053205,1066.8765250492638
2026-02-01,SKU-1016,Te Helado 1.5L,Bebidas,Ecommerce,Centro,Activo,0.05522074281709881,1.5667870036101084,0.0,123.33820018667704,123.33820018667704,133.2052562016112,123.33820018667704
2026-02-01,SKU-1016,Te Helado 1.5L,Bebidas,Ecommerce,Norte,Activo,0.030273300630693764,1.5667870036101084,0.0,67.61688132061482,67.61688132061482,73.02623182626401,67.61688132061482
2026-02-01,SKU-1016,Te Helado 1.5L,Bebidas,Ecommerce,Sur,Activo,0.0306937631394534,1.5667870036101084,0.0,68.55600467229003,68.55600467229003,74.04048504607323,68.55600467229003
2026-02-01,SKU-1016,Te Helado 1.5L,Bebidas,Mayorista,Centro,Activo,0.16145760336370008,1.5667870036101084,0.0,360.6233670432791,360.6233670432791,389.4732364067414,360.6233670432791
2026-02-01,SKU-1016,Te Helado 1.5L,Bebidas,Mayorista,Norte,Activo,0.06615276804484933,1.5667870036101084,0.0,147.7554073302324,147.7554073302324,159.57583991665098,147.7554073302324
2026-02-01,SKU-1016,Te Helado 1.5L,Bebidas,Mayorista,Sur,Activo,0.06054660126138753,1.5667870036101084,0.0,135.23376264122965,135.23376264122965,146.05246365252802,135.23376264122965
2026-02-01,SKU-1016,Te Helado 1.5L,Bebidas,Supermercado,Centro,Activo,0.3513665031534688,1.5667870036101084,0.0,784.794080883247,784.794080883247,847.5776073539068,784.794080883247
2026-02-01,SKU-1016,Te Helado 1.5L,Bebidas,Supermercado,Norte,Activo,0.11688857743517869,1.5667870036101084,0.0,261.0762917657072,261.0762917657072,281.9623951069638,261.0762917657072
2026-02-01,SKU-1016,Te Helado 1.5L,Bebidas,Supermercado,Sur,Activo,0.1274001401541696,1.5667870036101084,0.0,284.5543755575874,284.5543755575874,307.3187256021944,284.5543755575874
2026-02-01,SKU-1017,Nectar Durazno 1L,Bebidas,Ecommerce,Centro,Activo,0.06628599801390268,1.6616982440073014,0.0,268.0303898376479,268.0303898376479,289.4728210246597,268.0303898376479
2026-02-01,SKU-1017,Nectar Durazno 1L,Bebidas,Ecommerce,Norte,Activo,0.03475670307845084,1.6616982440073014,0.0,140.54027931562058,140.54027931562058,151.78350166087026,140.54027931562058
2026-02-01,SKU-1017,Nectar Durazno 1L,Bebidas,Ecommerce,Sur,Activo,0.026812313803376366,1.6616982440073014,0.0,108.4167869006216,108.4167869006216,117.09012985267134,108.4167869006216
2026-02-01,SKU-1017,Nectar Durazno 1L,Bebidas,Mayorista,Centro,Activo,0.1650943396226415,1.6616982440073014,0.0,667.5663267491979,667.5663267491979,720.9716328891336,667.5663267491979
2026-02-01,SKU-1017,Nectar Durazno 1L,Bebidas,Mayorista,Norte,Activo,0.08862959285004965,1.6616982440073014,0.0,358.3777122548325,358.3777122548325,387.0479292352191,358.3777122548325
2026-02-01,SKU-1017,Nectar Durazno 1L,Bebidas,Mayorista,Sur,Activo,0.09318106587222774,1.6616982440073014,0.0,376.7817964509257,376.7817964509257,406.9243401669998,376.7817964509257
2026-02-01,SKU-1017,Nectar Durazno 1L,Bebidas,Supermercado,Centro,Activo,0.26448195961602117,1.6616982440073014,0.0,1069.4446016493414,1069.4446016493414,1155.0001697812888,1069.4446016493414
2026-02-01,SKU-1017,Nectar Durazno 1L,Bebidas,Supermercado,Norte,Activo,0.11610393909301556,1.6616982440073014,0.0,469.47145685670404,469.47145685670404,507.0291734052404,469.47145685670404
2026-02-01,SKU-1017,Nectar Durazno 1L,Bebidas,Supermercado,Sur,Activo,0.14465408805031446,1.6616982440073014,0.0,584.9152577231067,584.9152577231067,631.7084783409553,584.9152577231067
2026-02-01,SKU-1018,Arroz Grano Largo 1kg,Despensa,Ecommerce,Centro,Activo,0.07335033931751456,1.7129528844658684,0.0,977.2957461777995,977.2957461777995,1055.4794058720236,977.2957461777995
2026-02-01,SKU-1018,Arroz Grano Largo 1kg,Despensa,Ecommerce,Norte,Activo,0.027939548539250132,1.7129528844658684,0.0,372.257336388591,372.257336388591,402.0379232996783,372.257336388591
2026-02-01,SKU-1018,Arroz Grano Largo 1kg,Despensa,Ecommerce,Sur,Activo,0.03653077922702989,1.7129528844658684,0.0,486.7240625649277,486.7240625649277,525.6619875701219,486.7240625649277
2026-02-01,SKU-1018,Arroz Grano Largo 1kg,Despensa,Mayorista,Centro,Activo,0.1369783895653848,1.7129528844658684,0.0,1825.0549170748147,1825.0549170748147,1971.0593104408001,1825.0549170748147
2026-02-01,SKU-1018,Arroz Grano Largo 1kg,Despensa,Mayorista,Norte,Activo,0.09974972325167253,1.7129528844658684,0.0,1329.0324369773555,1329.0324369773555,1435.355031935544,1329.0324369773555
2026-02-01,SKU-1018,Arroz Grano Largo 1kg,Despensa,Mayorista,Sur,Activo,0.08985897867834625,1.7129528844658684,0.0,1197.2514160852702,1197.2514160852702,1293.0315293720919,1197.2514160852702
2026-02-01,SKU-1018,Arroz Grano Largo 1kg,Despensa,Supermercado,Centro,Activo,0.281681667228185,1.7129528844658684,0.0,3753.0336971821334,3753.0336971821334,4053.2763929567045,3753.0336971821334
2026-02-01,SKU-1018,Arroz Grano Largo 1kg,Despensa,Supermercado,Norte,Activo,0.13240602589401743,1.7129528844658684,0.0,1764.1342504823665,1764.1342504823665,1905.264990520956,1764.1342504823665
2026-02-01,SKU-1018,Arroz Grano Largo 1kg,Despensa,Supermercado,Sur,Activo,0.12150454829859941,1.7129528844658684,0.0,1618.886555922477,1618.886555922477,1748.3974803962753,1618.886555922477
2026-02-01,SKU-1019,Fideos Spaghetti 400g,Despensa,Ecommerce,Centro,Activo,0.07572009893880156,1.8031651182739419,0.0,347.17456004831894,347.17456004831894,374.9485248521845,347.17456004831894
2026-02-01,SKU-1019,Fideos Spaghetti 400g,Despensa,Ecommerce,Norte,Activo,0.03279342535705737,1.8031651182739419,0.0,150.35694855622666,150.35694855622666,162.38550444072482,150.35694855622666
2026-02-01,SKU-1019,Fideos Spaghetti 400g,Despensa,Ecommerce,Sur,Activo,0.02928269368866193,1.8031651182739419,0.0,134.26034092490312,134.26034092490312,145.00116819889539,134.26034092490312
2026-02-01,SKU-1019,Fideos Spaghetti 400g,Despensa,Mayorista,Centro,Activo,0.1713875369025772,1.8031651182739419,0.0,785.8071180018852,785.8071180018852,848.6716874420362,785.8071180018852
2026-02-01,SKU-1019,Fideos Spaghetti 400g,Despensa,Mayorista,Norte,Activo,0.06446979972871619,1.8031651182739419,0.0,295.5922492297595,295.5922492297595,319.23962916814025,295.5922492297595
2026-02-01,SKU-1019,Fideos Spaghetti 400g,Despensa,Mayorista,Sur,Activo,0.08840660655868507,1.8031651182739419,0.0,405.3418467160563,405.3418467160563,437.76919445334084,405.3418467160563
2026-02-01,SKU-1019,Fideos Spaghetti 400g,Despensa,Supermercado,Centro,Activo,0.27639032953004067,1.8031651182739419,0.0,1267.2420189751072,1267.2420189751072,1368.621380493116,1267.2420189751072
2026-02-01,SKU-1019,Fideos Spaghetti 400g,Despensa,Supermercado,Norte,Activo,0.10947099656905769,1.8031651182739419,0.0,501.9214925039975,501.9214925039975,542.0752119043174,501.9214925039975
2026-02-01,SKU-1019,Fideos Spaghetti 400g,Despensa,Supermercado,Sur,Activo,0.1520785127264023,1.8031651182739419,0.0,697.2757760296058,697.2757760296058,753.0578381119744,697.2757760296058
2026-02-01,SKU-1020,Aceite Vegetal 900ml,Despensa,Ecommerce,Centro,Activo,0.06420306084359836,1.72162451140297,0.0,616.0626676313054,616.0626676313054,665.3476810418099,616.0626676313054
2026-02-01,SKU-1020,Aceite Vegetal 900ml,Despensa,Ecommerce,Norte,Activo,0.028107502799552073,1.72162451140297,0.0,269.7065050734726,269.7065050734726,291.28302547935044,269.7065050734726
2026-02-01,SKU-1020,Aceite Vegetal 900ml,Despensa,Ecommerce,Sur,Activo,0.03113101903695409,1.72162451140297,0.0,298.7187586072725,298.7187586072725,322.61625929585426,298.7187586072725
2026-02-01,SKU-1020,Aceite Vegetal 900ml,Despensa,Mayorista,Centro,Activo,0.2398656215005599,1.72162451140297,0.0,2301.6387803481207,2301.6387803481207,2485.7698827759705,2301.6387803481207
2026-02-01,SKU-1020,Aceite Vegetal 900ml,Despensa,Mayorista,Norte,Activo,0.0711832773422919,1.72162451140297,0.0,683.0415739377322,683.0415739377322,737.6848998527507,683.0415739377322
2026-02-01,SKU-1020,Aceite Vegetal 900ml,Despensa,Mayorista,Sur,Activo,0.07469204927211646,1.72162451140297,0.0,716.7101150757221,716.7101150757221,774.0469242817799,716.7101150757221
2026-02-01,SKU-1020,Aceite Vegetal 900ml,Despensa,Supermercado,Centro,Activo,0.23284807764091078,1.72162451140297,0.0,2234.301698072141,2234.301698072141,2413.045833917912,2234.301698072141
2026-02-01,SKU-1020,Aceite Vegetal 900ml,Despensa,Supermercado,Norte,Activo,0.12792086599477417,1.72162451140297,0.0,1227.4690476584205,1227.4690476584205,1325.6665714710944,1227.4690476584205
2026-02-01,SKU-1020,Aceite Vegetal 900ml,Despensa,Supermercado,Sur,Activo,0.13004852556924226,1.72162451140297,0.0,1247.8850779229465,1247.8850779229465,1347.7158841567823,1247.8850779229465
2026-02-01,SKU-1021,Azucar 1kg,Despensa,Ecommerce,Centro,Pausado,0.06058314824441189,2.4424173318129987,0.0,0.0,0.0,0.0,0.0
2026-02-01,SKU-1021,Azucar 1kg,Despensa,Ecommerce,Norte,Pausado,0.04290912527763338,2.4424173318129987,0.0,0.0,0.0,0.0,0.0
2026-02-01,SKU-1021,Azucar 1kg,Despensa,Ecommerce,Sur,Pausado,0.03657672132696942,2.4424173318129987,0.0,0.0,0.0,0.0,0.0
2026-02-01,SKU-1021,Azucar 1kg,Despensa,Mayorista,Centro,Pausado,0.15070176267662208,2.4424173318129987,0.0,0.0,0.0,0.0,0.0
2026-02-01,SKU-1021,Azucar 1kg,Despensa,Mayorista,Norte,Pausado,0.06266244506403289,2.4424173318129987,0.0,0.0,0.0,0.0,0.0
2026-02-01,SKU-1021,Azucar 1kg,Despensa,Mayorista,Sur,Pausado,0.0665847549737725,2.4424173318129987,0.0,0.0,0.0,0.0,0.0
2026-02-01,SKU-1021,Azucar 1kg,Despensa,Supermercado,Centro,Pausado,0.3138320495250697,2.4424173318129987,0.0,0.0,0.0,0.0,0.0
2026-02-01,SKU-1021,Azucar 1kg,Despensa,Supermercado,Norte,Pausado,0.14465289920136098,2.4424173318129987,0.0,0.0,0.0,0.0,0.0
2026-02-01,SKU-1021,Azucar 1kg,Despensa,Supermercado,Sur,Pausado,0.12149709371012712,2.4424173318129987,0.0,0.0,0.0,0.0,0.0
2026-02-01,SKU-1022,Harina 1kg,Despensa,Ecommerce,Centro,Activo,0.07751995821830933,1.733144863107313,0.0,1038.4872152669698,1038.4872152669698,1121.5661924883275,1038.4872152669698
2026-02-01,SKU-1022,Harina 1kg,Despensa,Ecommerce,Norte,Activo,0.03347509264095103,1.733144863107313,0.0,448.4452331566704,448.4452331566704,484.32085180920404,448.4452331566704
2026-02-01,SKU-1022,Harina 1kg,Despensa,Ecommerce,Sur,Activo,0.036185928523464896,1.733144863107313,0.0,484.7606346530129,484.7606346530129,523.541485425254,484.7606346530129
2026-02-01,SKU-1022,Harina 1kg,Despensa,Mayorista,Centro,Activo,0.16911636698251636,1.733144863107313,0.0,2265.5479832580672,2265.5479832580672,2446.7918219187127,2265.5479832580672
2026-02-01,SKU-1022,Harina 1kg,Despensa,Mayorista,Norte,Activo,0.0786391106468701,1.733144863107313,0.0,1053.4798122150012,1053.4798122150012,1137.7581971922014,1053.4798122150012
2026-02-01,SKU-1022,Harina 1kg,Despensa,Mayorista,Sur,Activo,0.07955930264368674,1.733144863107313,0.0,1065.8070585944938,1065.8070585944938,1151.0716232820532,1065.8070585944938
2026-02-01,SKU-1022,Harina 1kg,Despensa,Supermercado,Centro,Activo,0.2671541197244398,1.733144863107313,0.0,3578.8994759056113,3578.8994759056113,3865.2114339780605,3578.8994759056113
2026-02-01,SKU-1022,Harina 1kg,Despensa,Supermercado,Norte,Activo,0.14121216643040116,1.733144863107313,0.0,1891.732566020486,1891.732566020486,2043.071171302125,1891.732566020486
2026-02-01,SKU-1022,Harina 1kg,Despensa,Supermercado,Sur,Activo,0.11713795418936059,1.733144863107313,0.0,1569.2251472272787,1569.2251472272787,1694.7631590054611,1569.2251472272787
2026-02-01,SKU-1023,Salsa Tomate 200g,Despensa,Ecommerce,Centro,Activo,0.06342970168260764,1.5941085046692045,0.0,791.4677863166073,791.4677863166073,854.7852092219359,791.4677863166073
2026-02-01,SKU-1023,Salsa Tomate 200g,Despensa,Ecommerce,Norte,Activo,0.03292058417102447,1.5941085046692045,0.0,410.77888098021265,410.77888098021265,443.6411914586297,410.77888098021265
2026-02-01,SKU-1023,Salsa Tomate 200g,Despensa,Ecommerce,Sur,Activo,0.03180968379982117,1.5941085046692045,0.0,396.91720680721784,396.91720680721784,428.67058335179524,396.91720680721784
2026-02-01,SKU-1023,Salsa Tomate 200g,Despensa,Mayorista,Centro,Activo,0.1265884520551657,1.5941085046692045,0.0,1579.5546764934597,1579.5546764934597,1705.9190506129364,1579.5546764934597
2026-02-01,SKU-1023,Salsa Tomate 200g,Despensa,Mayorista,Norte,Activo,0.09331563118107676,1.5941085046692045,0.0,1164.3806305315657,1164.3806305315657,1257.5310809740909,1164.3806305315657
2026-02-01,SKU-1023,Salsa Tomate 200g,Despensa,Mayorista,Sur,Activo,0.07825073834231988,1.5941085046692045,0.0,976.4028051611967,976.4028051611967,1054.5150295740925,976.4028051611967
2026-02-01,SKU-1023,Salsa Tomate 200g,Despensa,Supermercado,Centro,Activo,0.2936028395697293,1.5941085046692045,0.0,3663.539057038341,3663.539057038341,3956.622181601408,3663.539057038341
2026-02-01,SKU-1023,Salsa Tomate 200g,Despensa,Supermercado,Norte,Activo,0.13528598910775733,1.5941085046692045,0.0,1688.0814425795897,1688.0814425795897,1823.127957985957,1688.0814425795897
2026-02-01,SKU-1023,Salsa Tomate 200g,Despensa,Supermercado,Sur,Activo,0.14479638009049775,1.5941085046692045,0.0,1806.750897084985,1806.750897084985,1951.2909688517836,1806.750897084985
2026-02-01,SKU-1024,Atun Lomitos 160g,Despensa,Ecommerce,Centro,Activo,0.06458416462406658,1.7532984293193716,0.07407407407407407,803.7057883008446,848.5524777795048,916.4366760018653,848.5524777795048
2026-02-01,SKU-1024,Atun Lomitos 160g,Despensa,Ecommerce,Norte,Activo,0.03699481274582454,1.7532984293193716,0.07407407407407407,460.3751602888333,486.06404066981344,524.9491639233986,486.06404066981344
2026-02-01,SKU-1024,Atun Lomitos 160g,Despensa,Ecommerce,Sur,Activo,0.029612951034600696,1.7532984293193716,0.07407407407407407,368.51293647156996,389.07591545141463,420.20198868752783,389.07591545141463
2026-02-01,SKU-1024,Atun Lomitos 160g,Despensa,Mayorista,Centro,Activo,0.15644416576412243,1.7532984293193716,0.07407407407407407,1946.840720204473,2055.4742058833635,2219.9121423540328,2055.4742058833635
2026-02-01,SKU-1024,Atun Lomitos 160g,Despensa,Mayorista,Norte,Activo,0.07544319671663911,1.7532984293193716,0.07407407407407407,938.8390210204482,991.2261291625548,1070.5242194955595,991.2261291625548
2026-02-01,SKU-1024,Atun Lomitos 160g,Despensa,Mayorista,Sur,Activo,0.06940090064413157,1.7532984293193716,0.07407407407407407,863.6467760426111,911.8381656633251,984.7852189163912,911.8381656633251
2026-02-01,SKU-1024,Atun Lomitos 160g,Despensa,Supermercado,Centro,Activo,0.2605027646354671,1.7532984293193716,0.07407407407407407,3241.778863667131,3422.669747089441,3696.483326856597,3422.669747089441
2026-02-01,SKU-1024,Atun Lomitos 160g,Despensa,Supermercado,Norte,Activo,0.15983583195576584,1.7532984293193716,0.07407407407407407,1989.047687904297,2100.0363174701956,2268.0392228678115,2100.0363174701956
2026-02-01,SKU-1024,Atun Lomitos 160g,Despensa,Supermercado,Sur,Activo,0.1471812118793821,1.7532984293193716,0.07407407407407407,1831.5695899318455,1933.7709599529405,2088.472636749176,1933.7709599529405
2026-02-01,SKU-1025,Legumbres Mix 500g,Despensa,Ecommerce,Centro,Activo,0.060527677185721676,1.7396449704142012,0.07407407407407407,312.12010390319085,329.2207013118688,355.5583574168184,329.2207013118688
2026-02-01,SKU-1025,Legumbres Mix 500g,Despensa,Ecommerce,Norte,Activo,0.02703052250387998,1.7396449704142012,0.07407407407407407,139.38696947813438,147.0237747311551,158.78567670964753,147.0237747311551
2026-02-01,SKU-1025,Legumbres Mix 500g,Despensa,Ecommerce,Sur,Activo,0.03110450077599586,1.7396449704142012,0.07407407407407407,160.39505339469528,169.18286039637704,182.71748922808723,169.18286039637704
2026-02-01,SKU-1025,Legumbres Mix 500g,Despensa,Mayorista,Centro,Activo,0.14976720124159337,1.7396449704142012,0.07407407407407407,772.2971801707157,814.610196835778,879.7790125826403,814.610196835778
2026-02-01,SKU-1025,Legumbres Mix 500g,Despensa,Mayorista,Norte,Activo,0.06518365235385411,1.7396449704142012,0.07407407407407407,336.12934266497473,354.54537064355105,382.9090002950351,354.54537064355105
2026-02-01,SKU-1025,Legumbres Mix 500g,Despensa,Mayorista,Sur,Activo,0.07766425245732023,1.7396449704142012,0.07407407407407407,400.4874410125344,422.4295537131992,456.2239180102552,422.4295537131992
2026-02-01,SKU-1025,Legumbres Mix 500g,Despensa,Supermercado,Centro,Activo,0.26713657527159856,1.7396449704142012,0.07407407407407407,1377.530073957352,1453.0029029052673,1569.2431351376888,1453.0029029052673
2026-02-01,SKU-1025,Legumbres Mix 500g,Despensa,Supermercado,Norte,Activo,0.1373512674599069,1.7396449704142012,0.07407407407407407,708.2725434726254,747.0777452846255,806.8439649073956,747.0777452846255
2026-02-01,SKU-1025,Legumbres Mix 500g,Despensa,Supermercado,Sur,Activo,0.18423435075012934,1.7396449704142012,0.07407407407407407,950.0322393378106,1002.0830961939256,1082.2497438894397,1002.0830961939256
2026-02-01,SKU-1007,Galleta Avena 180g,Galletas,Ecommerce,Centro,Activo,0.07027548692753115,1.8868673503142575,0.0,913.0351572831855,913.0351572831855,986.0779698658404,913.0351572831855
2026-02-01,SKU-1007,Galleta Avena 180g,Galletas,Ecommerce,Norte,Activo,0.0316429783002866,1.8868673503142575,0.0,411.11279241798036,411.11279241798036,444.0018158114188,411.11279241798036
2026-02-01,SKU-1007,Galleta Avena 180g,Galletas,Ecommerce,Sur,Activo,0.033953325144762236,1.8868673503142575,0.0,441.12934565367385,441.12934565367385,476.41969330596777,441.12934565367385
2026-02-01,SKU-1007,Galleta Avena 180g,Galletas,Mayorista,Centro,Activo,0.1723986664327075,1.8868673503142575,0.0,2239.842801574856,2239.842801574856,2419.0302257008443,2239.842801574856
2026-02-01,SKU-1007,Galleta Avena 180g,Galletas,Mayorista,Norte,Activo,0.07638767035152366,1.8868673503142575,0.0,992.4460386282483,992.4460386282483,1071.841721718508,992.4460386282483
2026-02-01,SKU-1007,Galleta Avena 180g,Galletas,Mayorista,Sur,Activo,0.0841668128911505,1.8868673503142575,0.0,1093.514433067419,1093.514433067419,1180.9955877128125,1093.514433067419
2026-02-01,SKU-1007,Galleta Avena 180g,Galletas,Supermercado,Centro,Activo,0.2643738667602503,1.8868673503142575,0.0,3434.8055854515173,3434.8055854515173,3709.590032287639,3434.8055854515173
2026-02-01,SKU-1007,Galleta Avena 180g,Galletas,Supermercado,Norte,Activo,0.13253787214131135,1.8868673503142575,0.0,1721.9622691666239,1721.9622691666239,1859.7192506999538,1721.9622691666239
2026-02-01,SKU-1007,Galleta Avena 180g,Galletas,Supermercado,Sur,Activo,0.1342633210504767,1.8868673503142575,0.0,1744.379695000876,1744.379695000876,1883.930070600946,1744.379695000876
2026-02-01,SKU-1008,Galleta Chocolate 200g,Galletas,Ecommerce,Centro,Activo,0.08122968062727098,1.8100584222042841,0.0,670.7160403368376,670.7160403368376,724.3733235637847,670.7160403368376
2026-02-01,SKU-1008,Galleta Chocolate 200g,Galletas,Ecommerce,Norte,Activo,0.03270223752151463,1.8100584222042841,0.0,270.0234088230706,270.0234088230706,291.6252815289163,270.0234088230706
2026-02-01,SKU-1008,Galleta Chocolate 200g,Galletas,Ecommerce,Sur,Activo,0.03480589022757698,1.8100584222042841,0.0,287.39333570642606,287.39333570642606,310.38480256294014,287.39333570642606
2026-02-01,SKU-1008,Galleta Chocolate 200g,Galletas,Mayorista,Centro,Activo,0.16924842226047046,1.8100584222042841,0.0,1397.4895719790495,1397.4895719790495,1509.2887377373736,1397.4895719790495
2026-02-01,SKU-1008,Galleta Chocolate 200g,Galletas,Mayorista,Norte,Activo,0.08127749091604514,1.8100584222042841,0.0,671.1108114023684,671.1108114023684,724.7996763145579,671.1108114023684
2026-02-01,SKU-1008,Galleta Chocolate 200g,Galletas,Mayorista,Sur,Activo,0.09375597628609676,1.8100584222042841,0.0,774.1460595059085,774.1460595059085,836.0777442663812,774.1460595059085
2026-02-01,SKU-1008,Galleta Chocolate 200g,Galletas,Supermercado,Centro,Activo,0.23068464333524574,1.8100584222042841,0.0,1904.770391186134,1904.770391186134,2057.1520224810247,1904.770391186134
2026-02-01,SKU-1008,Galleta Chocolate 200g,Galletas,Supermercado,Norte,Activo,0.13702428762669727,1.8100584222042841,0.0,1131.413873811287,1131.413873811287,1221.92698371619,1131.413873811287
2026-02-01,SKU-1008,Galleta Chocolate 200g,Galletas,Supermercado,Sur,Activo,0.13927137119908203,1.8100584222042841,0.0,1149.9681138912347,1149.9681138912347,1241.9655630025336,1149.9681138912347
2026-02-01,SKU-1009,Galleta Salada 150g,Galletas,Ecommerce,Centro,Activo,0.05704756279748462,1.7821671358843614,0.0,532.1905871466186,532.1905871466186,574.7658341183482,532.1905871466186
2026-02-01,SKU-1009,Galleta Salada 150g,Galletas,Ecommerce,Norte,Activo,0.02883646596949588,1.7821671358843614,0.0,269.0122943554771,269.0122943554771,290.5332779039153,269.0122943554771
2026-02-01,SKU-1009,Galleta Salada 150g,Galletas,Ecommerce,Sur,Activo,0.030573602473682383,1.7821671358843614,0.0,285.2178542564095,285.2178542564095,308.0352825969223,285.2178542564095
2026-02-01,SKU-1009,Galleta Salada 150g,Galletas,Mayorista,Centro,Activo,0.16429837056595908,1.7821671358843614,0.0,1532.7218554301824,1532.7218554301824,1655.3396038645972,1532.7218554301824
2026-02-01,SKU-1009,Galleta Salada 150g,Galletas,Mayorista,Norte,Activo,0.08070736198450475,1.7821671358843614,0.0,752.9103129973173,752.9103129973173,813.1431380371027,752.9103129973173
2026-02-01,SKU-1009,Galleta Salada 150g,Galletas,Mayorista,Sur,Activo,0.07848382725914603,1.7821671358843614,0.0,732.1671963241239,732.1671963241239,790.740572030054,732.1671963241239
2026-02-01,SKU-1009,Galleta Salada 150g,Galletas,Supermercado,Centro,Activo,0.2825278810408922,1.7821671358843614,0.0,2635.6722622876387,2635.6722622876387,2846.52604327065,2635.6722622876387
2026-02-01,SKU-1009,Galleta Salada 150g,Galletas,Supermercado,Norte,Activo,0.12809644581871243,1.7821671358843614,0.0,1194.997987094752,1194.997987094752,1290.5978260623322,1194.997987094752
2026-02-01,SKU-1009,Galleta Salada 150g,Galletas,Supermercado,Sur,Activo,0.14942848209012263,1.7821671358843614,0.0,1394.0022626782013,1394.0022626782013,1505.5224436924575,1394.0022626782013
2026-02-01,SKU-1010,Barra Cereal Pack 6,Galletas,Ecommerce,Centro,Activo,0.059860895935656126,1.6293423816448538,0.1111111111111111,526.6302896108974,563.4559296897909,608.5324040649741,563.4559296897909
2026-02-01,SKU-1010,Barra Cereal Pack 6,Galletas,Ecommerce,Norte,Activo,0.026568217028710817,1.6293423816448538,0.1111111111111111,233.73569021276614,250.08010976320014,270.0865185442562,250.08010976320014
2026-02-01,SKU-1010,Barra Cereal Pack 6,Galletas,Ecommerce,Sur,Activo,0.02910637175726011,1.6293423816448538,0.1111111111111111,256.0652784837128,273.97113761898976,295.8888286285089,273.97113761898976
2026-02-01,SKU-1010,Barra Cereal Pack 6,Galletas,Mayorista,Centro,Activo,0.18353825361769457,1.6293423816448538,0.1111111111111111,1614.6902271770248,1727.60055975372,1865.8086045340178,1727.60055975372
2026-02-01,SKU-1010,Barra Cereal Pack 6,Galletas,Mayorista,Norte,Activo,0.08946171341925702,1.6293423816448538,0.1111111111111111,787.0454878876518,842.0811636443241,909.44765673587,842.0811636443241
2026-02-01,SKU-1010,Barra Cereal Pack 6,Galletas,Mayorista,Sur,Activo,0.07812242476184197,1.6293423816448538,0.1111111111111111,687.2873273005654,735.3472210158615,794.1749986971304,735.3472210158615
2026-02-01,SKU-1010,Barra Cereal Pack 6,Galletas,Supermercado,Centro,Activo,0.27514256518442826,1.6293423816448538,0.1111111111111111,2420.58536750119,2589.849474185399,2797.037432120231,2589.849474185399
2026-02-01,SKU-1010,Barra Cereal Pack 6,Galletas,Supermercado,Norte,Activo,0.14661963938425027,1.6293423816448538,0.1111111111111111,1289.8962159632554,1380.0947000331444,1490.5022760357958,1380.0947000331444
2026-02-01,SKU-1010,Barra Cereal Pack 6,Galletas,Supermercado,Sur,Activo,0.11157991891090088,1.6293423816448538,0.1111111111111111,981.6318999630439,1050.2744063876335,1134.296358898644,1050.2744063876335
2026-02-01,SKU-1011,Snack Mix 120g,Galletas,Ecommerce,Centro,Activo,0.06915096630928837,1.7718032524313152,0.07407407407407407,682.9990188145676,722.0464902314919,779.8102094500114,722.0464902314919
2026-02-01,SKU-1011,Snack Mix 120g,Galletas,Ecommerce,Norte,Activo,0.0343152562367718,1.7718032524313152,0.07407407407407407,338.92926723914064,358.3060606316837,386.97054548221837,358.3060606316837
2026-02-01,SKU-1011,Snack Mix 120g,Galletas,Ecommerce,Sur,Activo,0.032649803962388535,1.7718032524313152,0.07407407407407407,322.47971736302463,340.91607993368484,368.18936632837966,340.91607993368484
2026-02-01,SKU-1011,Snack Mix 120g,Galletas,Mayorista,Centro,Activo,0.13986329412581103,1.7718032524313152,0.07407407407407407,1381.419490637994,1460.3960873673577,1577.2277743567463,1460.3960873673577
2026-02-01,SKU-1011,Snack Mix 120g,Galletas,Mayorista,Norte,Activo,0.09198154123729226,1.7718032524313152,0.07407407407407407,908.4949316996582,960.4341422998923,1037.2688736838836,960.4341422998923
2026-02-01,SKU-1011,Snack Mix 120g,Galletas,Mayorista,Sur,Activo,0.06824884632733076,1.7718032524313152,0.07407407407407407,674.0888459650047,712.6269173534092,769.637070741682,712.6269173534092
2026-02-01,SKU-1011,Snack Mix 120g,Galletas,Supermercado,Centro,Activo,0.311543666076819,1.7718032524313152,0.07407407407407407,3077.0939237009547,3253.013264319401,3513.2543254649536,3253.013264319401
2026-02-01,SKU-1011,Snack Mix 120g,Galletas,Supermercado,Norte,Activo,0.11966968529891399,1.7718032524313152,0.07407407407407407,1181.9686983900872,1249.5425714041223,1349.5059771164522,1249.5425714041223
2026-02-01,SKU-1011,Snack Mix 120g,Galletas,Supermercado,Sur,Activo,0.13257694042538426,1.7718032524313152,0.07407407407407407,1309.4527099299862,1384.314921813613,1495.0601155587021,1384.314921813613
2026-02-01,SKU-1001,Yogurt Natural 1L,Lacteos,Ecommerce,Centro,Activo,0.06839091077036763,1.9050386657544744,0.0,607.054918712076,607.054918712076,655.619312209042,607.054918712076
2026-02-01,SKU-1001,Yogurt Natural 1L,Lacteos,Ecommerce,Norte,Activo,0.030482172547570664,1.9050386657544744,0.0,270.56742730278916,270.56742730278916,292.21282148701226,270.56742730278916
2026-02-01,SKU-1001,Yogurt Natural 1L,Lacteos,Ecommerce,Sur,Activo,0.04134491040088675,1.9050386657544744,0.0,366.9878195779649,366.9878195779649,396.3468451442021,366.9878195779649
2026-02-01,SKU-1001,Yogurt Natural 1L,Lacteos,Mayorista,Centro,Activo,0.15980048032514318,1.9050386657544744,0.0,1418.4292401025007,1418.4292401025007,1531.903579310701,1418.4292401025007
2026-02-01,SKU-1001,Yogurt Natural 1L,Lacteos,Mayorista,Norte,Activo,0.06957324958433402,1.9050386657544744,0.0,617.5496552862448,617.5496552862448,666.9536277091445,617.5496552862448
2026-02-01,SKU-1001,Yogurt Natural 1L,Lacteos,Mayorista,Sur,Activo,0.08989469794938112,1.9050386657544744,0.0,797.9279401547709,797.9279401547709,861.7621753671526,797.9279401547709
2026-02-01,SKU-1001,Yogurt Natural 1L,Lacteos,Supermercado,Centro,Activo,0.2720487714760761,1.9050386657544744,0.0,2414.77329361265,2414.77329361265,2607.9551571016623,2414.77329361265
2026-02-01,SKU-1001,Yogurt Natural 1L,Lacteos,Supermercado,Norte,Activo,0.1382227969702568,1.9050386657544744,0.0,1226.9002976239203,1226.9002976239203,1325.0523214338339,1226.9002976239203
2026-02-01,SKU-1001,Yogurt Natural 1L,Lacteos,Supermercado,Sur,Activo,0.13024200997598373,1.9050386657544744,0.0,1156.0608257482806,1156.0608257482806,1248.5456918081431,1156.0608257482806
2026-02-01,SKU-1002,Yogurt Frutado Pack 4,Lacteos,Ecommerce,Centro,Activo,0.0573069260517989,1.7203473106614469,0.07407407407407407,317.5964339950961,334.54308118798747,361.3065276830265,334.54308118798747
2026-02-01,SKU-1002,Yogurt Frutado Pack 4,Lacteos,Ecommerce,Norte,Activo,0.02771592640337513,1.7203473106614469,0.07407407407407407,153.60236531664668,161.79844315124546,174.74231860334513,161.79844315124546
2026-02-01,SKU-1002,Yogurt Frutado Pack 4,Lacteos,Ecommerce,Sur,Activo,0.03246220555490449,1.7203473106614469,0.07407407407407407,179.9063644512099,189.50599895515856,204.66647887157126,189.50599895515856
2026-02-01,SKU-1002,Yogurt Frutado Pack 4,Lacteos,Mayorista,Centro,Activo,0.16389312082503224,1.7203473106614469,0.07407407407407407,908.2998219675704,956.7658467104305,1033.3071144472651,956.7658467104305
2026-02-01,SKU-1002,Yogurt Frutado Pack 4,Lacteos,Mayorista,Norte,Activo,0.09574592757529592,1.7203473106614469,0.07407407407407407,530.6263529120523,558.9400763406662,603.6552824479196,558.9400763406662
2026-02-01,SKU-1002,Yogurt Frutado Pack 4,Lacteos,Mayorista,Sur,Activo,0.08250322278213992,1.7203473106614469,0.07407407407407407,457.23494791932035,481.632574961847,520.1631809587948,481.632574961847
2026-02-01,SKU-1002,Yogurt Frutado Pack 4,Lacteos,Supermercado,Centro,Activo,0.2701863354037267,1.7203473106614469,0.07407407407407407,1497.3795062897632,1577.2782692820147,1703.460530824576,1577.2782692820147
2026-02-01,SKU-1002,Yogurt Frutado Pack 4,Lacteos,Supermercado,Norte,Activo,0.1398687448728466,1.7203473106614469,0.07407407407407407,775.1561226444728,816.5177247400062,881.8391427192067,816.5177247400062
2026-02-01,SKU-1002,Yogurt Frutado Pack 4,Lacteos,Supermercado,Sur,Activo,0.1303175905308801,1.7203473106614469,0.07407407407407407,722.2233836452901,760.7605445420082,821.621388105369,760.7605445420082
2026-02-01,SKU-1003,Leche Entera 1L,Lacteos,Ecommerce,Centro,Activo,0.06988588135433368,1.7639887438376745,0.1111111111111111,253.08544789394276,274.5692738295082,296.53481573586885,274.5692738295082
2026-02-01,SKU-1003,Leche Entera 1L,Lacteos,Ecommerce,Norte,Activo,0.03121757993020843,1.7639887438376745,0.1111111111111111,113.05166430890019,122.6483530871352,132.46022133410602,122.6483530871352
2026-02-01,SKU-1003,Leche Entera 1L,Lacteos,Ecommerce,Sur,Activo,0.03885692728473074,1.7639887438376745,0.1111111111111111,140.71687521228665,152.66199840453083,164.87495827689332,152.66199840453083
2026-02-01,SKU-1003,Leche Entera 1L,Lacteos,Mayorista,Centro,Activo,0.1492030557389418,1.7639887438376745,0.1111111111111111,540.3254771500909,586.192430766912,633.087825228265,586.192430766912
2026-02-01,SKU-1003,Leche Entera 1L,Lacteos,Mayorista,Norte,Activo,0.1012920871451476,1.7639887438376745,0.1111111111111111,366.82020383008705,397.9587045788013,429.7954009451054,397.9587045788013
2026-02-01,SKU-1003,Leche Entera 1L,Lacteos,Mayorista,Sur,Activo,0.09827407337545978,1.7639887438376745,0.1111111111111111,355.8907377941813,386.1014619842746,416.9895789430166,386.1014619842746
2026-02-01,SKU-1003,Leche Entera 1L,Lacteos,Supermercado,Centro,Activo,0.24842025841742904,1.7639887438376745,0.1111111111111111,899.6316730804928,975.9992810619764,1054.0792235469346,975.9992810619764
2026-02-01,SKU-1003,Leche Entera 1L,Lacteos,Supermercado,Norte,Activo,0.13439592568141093,1.7639887438376745,0.1111111111111111,486.70278441142835,528.0178342875157,570.259261030517,528.0178342875157
2026-02-01,SKU-1003,Leche Entera 1L,Lacteos,Supermercado,Sur,Activo,0.128454211072338,1.7639887438376745,0.1111111111111111,465.18539815323885,504.67388792954125,545.0477989639046,504.67388792954125
2026-02-01,SKU-1004,Leche Descremada 1L,Lacteos,Ecommerce,Centro,Activo,0.05985078297942117,1.7585227272727273,0.0,252.1728323749556,252.1728323749556,272.34665896495204,252.1728323749556
2026-02-01,SKU-1004,Leche Descremada 1L,Lacteos,Ecommerce,Norte,Activo,0.03222103796015414,1.7585227272727273,0.0,135.75879879911994,135.75879879911994,146.61950270304953,135.75879879911994
2026-02-01,SKU-1004,Leche Descremada 1L,Lacteos,Ecommerce,Sur,Activo,0.030991227350987947,1.7585227272727273,0.0,130.5771652571688,130.5771652571688,141.0233384777423,130.5771652571688
2026-02-01,SKU-1004,Leche Descremada 1L,Lacteos,Mayorista,Centro,Activo,0.17258342215298844,1.7585227272727273,0.0,727.1559070538103,727.1559070538103,785.3283796181153,727.1559070538103
2026-02-01,SKU-1004,Leche Descremada 1L,Lacteos,Mayorista,Norte,Activo,0.08723456587685496,1.7585227272727273,0.0,367.55053924240104,367.55053924240104,396.95458238179316,367.55053924240104
2026-02-01,SKU-1004,Leche Descremada 1L,Lacteos,Mayorista,Sur,Activo,0.06304829056325326,1.7585227272727273,0.0,265.64507958402857,265.64507958402857,286.89668595075085,265.64507958402857
2026-02-01,SKU-1004,Leche Descremada 1L,Lacteos,Supermercado,Centro,Activo,0.2962203820611626,1.7585227272727273,0.0,1248.0827991379651,1248.0827991379651,1347.9294230690025,1248.0827991379651
2026-02-01,SKU-1004,Leche Descremada 1L,Lacteos,Supermercado,Norte,Activo,0.13495121751250308,1.7585227272727273,0.0,568.5979206701054,568.5979206701054,614.0857543237139,568.5979206701054
2026-02-01,SKU-1004,Leche Descremada 1L,Lacteos,Supermercado,Sur,Activo,0.12289907354267443,1.7585227272727273,0.0,517.8179119589842,517.8179119589842,559.243344915703,517.8179119589842
2026-02-01,SKU-1005,Queso Untable 250g,Lacteos,Ecommerce,Centro,Activo,0.05622402100196894,1.5603271983640081,0.1111111111111111,171.79174949429978,182.48725946054338,197.0862402173869,182.48725946054338
2026-02-01,SKU-1005,Queso Untable 250g,Lacteos,Ecommerce,Norte,Activo,0.03762852767446948,1.5603271983640081,0.1111111111111111,114.97346658762474,122.13155107865161,131.90207516494374,122.13155107865161
2026-02-01,SKU-1005,Queso Untable 250g,Lacteos,Ecommerce,Sur,Activo,0.032049879676219646,1.5603271983640081,0.1111111111111111,97.92798171562224,104.02483856408408,112.3468256492108,104.02483856408408
2026-02-01,SKU-1005,Queso Untable 250g,Lacteos,Mayorista,Centro,Activo,0.15138919273681908,1.5603271983640081,0.1111111111111111,462.5676678990484,491.36647294434255,530.6757907798899,491.36647294434255
2026-02-01,SKU-1005,Queso Untable 250g,Lacteos,Mayorista,Norte,Activo,0.0746007438197331,1.5603271983640081,0.1111111111111111,227.9415820138374,242.13290068500115,261.50353273980124,242.13290068500115
2026-02-01,SKU-1005,Queso Untable 250g,Lacteos,Mayorista,Sur,Activo,0.07306935025158609,1.5603271983640081,0.1111111111111111,223.26242930387596,237.16243058296303,256.13542502960007,237.16243058296303
2026-02-01,SKU-1005,Queso Untable 250g,Lacteos,Supermercado,Centro,Activo,0.2689783417195362,1.5603271983640081,0.1111111111111111,821.8597509853757,873.0275700651288,942.8697756703391,873.0275700651288
2026-02-01,SKU-1005,Queso Untable 250g,Lacteos,Supermercado,Norte,Activo,0.16221833296871582,1.5603271983640081,0.1111111111111111,495.6559620623474,526.5147972373265,568.6359810163127,526.5147972373265
2026-02-01,SKU-1005,Queso Untable 250g,Lacteos,Supermercado,Sur,Activo,0.14384161015095165,1.5603271983640081,0.1111111111111111,439.5061295428097,466.86915601286876,504.2186884938983,466.86915601286876
2026-02-01,SKU-1006,Manjar 400g,Lacteos,Ecommerce,Centro,Activo,0.07099426222488653,1.7712687161651397,0.07407407407407407,272.00048576771457,287.54014987544485,310.54336186548045,287.54014987544485
2026-02-01,SKU-1006,Manjar 400g,Lacteos,Ecommerce,Norte,Activo,0.04016442579429648,1.7712687161651397,0.07407407407407407,153.8820601026033,162.67349854232043,175.68737842570607,162.67349854232043
2026-02-01,SKU-1006,Manjar 400g,Lacteos,Ecommerce,Sur,Activo,0.02971653678170763,1.7712687161651397,0.07407407407407407,113.85303807164892,120.3575778127616,129.98618403778255,120.3575778127616
2026-02-01,SKU-1006,Manjar 400g,Lacteos,Mayorista,Centro,Activo,0.16288430247495075,1.7712687161651397,0.07407407407407407,624.0590155973379,659.7121412100074,712.489112506808,659.7121412100074
2026-02-01,SKU-1006,Manjar 400g,Lacteos,Mayorista,Norte,Activo,0.07399160743341612,1.7712687161651397,0.07407407407407407,283.4842215962671,299.6799631994987,323.6543602554586,299.6799631994987
2026-02-01,SKU-1006,Manjar 400g,Lacteos,Mayorista,Sur,Activo,0.07536182238588679,1.7712687161651397,0.07407407407407407,288.7339294036054,305.2295921476375,329.64795951944853,305.2295921476375
2026-02-01,SKU-1006,Manjar 400g,Lacteos,Supermercado,Centro,Activo,0.2915132311381348,1.7712687161651397,0.07407407407407407,1116.875336011219,1180.6835587165433,1275.1382434138668,1180.6835587165433
2026-02-01,SKU-1006,Manjar 400g,Lacteos,Supermercado,Norte,Activo,0.12914275927036054,1.7712687161651397,0.07407407407407407,494.78496084163277,523.0525283620879,564.896730631055,523.0525283620879
2026-02-01,SKU-1006,Manjar 400g,Lacteos,Supermercado,Sur,Activo,0.12623105249636038,1.7712687161651397,0.07407407407407407,483.629331751039,511.2595668472929,552.1603321950763,511.2595668472929
2026-03-01,SKU-1012,Jugo Naranja 1L,Bebidas,Ecommerce,Centro,Activo,0.07411555103079664,1.675392670157068,0.0,512.533127511263,512.533127511263,553.5357777121642,512.533127511263
2026-03-01,SKU-1012,Jugo Naranja 1L,Bebidas,Ecommerce,Norte,Activo,0.03212013234919827,1.675392670157068,0.0,222.12115622225755,222.12115622225755,239.89084872003818,222.12115622225755
2026-03-01,SKU-1012,Jugo Naranja 1L,Bebidas,Ecommerce,Sur,Activo,0.03390175617205396,1.675392670157068,0.0,234.44166409512445,234.44166409512445,253.19699722273444,234.44166409512445
2026-03-01,SKU-1012,Jugo Naranja 1L,Bebidas,Mayorista,Centro,Activo,0.16604734029015017,1.675392670157068,0.0,1148.271333751195,1148.271333751195,1240.1330404512908,1148.271333751195
2026-03-01,SKU-1012,Jugo Naranja 1L,Bebidas,Mayorista,Norte,Activo,0.0709086281496564,1.675392670157068,0.0,490.3562133401026,490.3562133401026,529.5847104073108,490.3562133401026
2026-03-01,SKU-1012,Jugo Naranja 1L,Bebidas,Mayorista,Sur,Activo,0.07727157037414101,1.675392670157068,0.0,534.3580271717701,534.3580271717701,577.1066693455118,534.3580271717701
2026-03-01,SKU-1012,Jugo Naranja 1L,Bebidas,Supermercado,Centro,Activo,0.2707050139984729,1.675392670157068,0.0,1872.0131676544622,1872.0131676544622,2021.7742210668193,1872.0131676544622
2026-03-01,SKU-1012,Jugo Naranja 1L,Bebidas,Supermercado,Norte,Activo,0.12496818528887757,1.675392670157068,0.0,864.1956236539496,864.1956236539496,933.3312735462657,864.1956236539496
2026-03-01,SKU-1012,Jugo Naranja 1L,Bebidas,Supermercado,Sur,Activo,0.1499618223466531,1.675392670157068,0.0,1037.0347483847397,1037.0347483847397,1119.9975282555188,1037.0347483847397
2026-03-01,SKU-1013,Jugo Manzana 1L,Bebidas,Ecommerce,Centro,Activo,0.09307387018307516,1.6965448589199297,0.0,856.1965896194874,856.1965896194874,924.6923167890465,856.1965896194874
2026-03-01,SKU-1013,Jugo Manzana 1L,Bebidas,Ecommerce,Norte,Activo,0.03069389322749968,1.6965448589199297,0.0,282.3564406619974,282.3564406619974,304.9449559149572,282.3564406619974
2026-03-01,SKU-1013,Jugo Manzana 1L,Bebidas,Ecommerce,Sur,Activo,0.0345666367942645,1.6965448589199297,0.0,317.9822272314465,317.9822272314465,343.4208054099622,317.9822272314465
2026-03-01,SKU-1013,Jugo Manzana 1L,Bebidas,Mayorista,Centro,Activo,0.15084496223274868,1.6965448589199297,0.0,1387.6391082794512,1387.6391082794512,1498.6502369418072,1387.6391082794512
2026-03-01,SKU-1013,Jugo Manzana 1L,Bebidas,Mayorista,Norte,Activo,0.07803098194853411,1.6965448589199297,0.0,717.8154351761726,717.8154351761726,775.2406699902665,717.8154351761726
2026-03-01,SKU-1013,Jugo Manzana 1L,Bebidas,Mayorista,Sur,Activo,0.07508641659198566,1.6965448589199297,0.0,690.7280602638642,690.7280602638642,745.9863050849734,690.7280602638642
2026-03-01,SKU-1013,Jugo Manzana 1L,Bebidas,Supermercado,Centro,Activo,0.2955447445909615,1.6965448589199297,0.0,2718.7480428288677,2718.7480428288677,2936.247886255177,2718.7480428288677
2026-03-01,SKU-1013,Jugo Manzana 1L,Bebidas,Supermercado,Norte,Activo,0.12600819357316606,1.6965448589199297,0.0,1159.1629894538935,1159.1629894538935,1251.896028610205,1159.1629894538935
2026-03-01,SKU-1013,Jugo Manzana 1L,Bebidas,Supermercado,Sur,Activo,0.11615030085776469,1.6965448589199297,0.0,1068.4791690952957,1068.4791690952957,1153.9575026229193,1068.4791690952957
2026-03-01,SKU-1014,Agua Saborizada 500ml,Bebidas,Ecommerce,Centro,Activo,0.07096681511277116,1.690721649484536,0.0,488.85588221851486,488.85588221851486,527.9643527959961,488.85588221851486
2026-03-01,SKU-1014,Agua Saborizada 500ml,Bebidas,Ecommerce,Norte,Activo,0.028683618254082267,1.690721649484536,0.0,197.58749895336732,197.58749895336732,213.39449886963672,197.58749895336732
2026-03-01,SKU-1014,Agua Saborizada 500ml,Bebidas,Ecommerce,Sur,Activo,0.02102188382895178,1.690721649484536,0.0,144.80953596081514,144.80953596081514,156.39429883768037,144.80953596081514
2026-03-01,SKU-1014,Agua Saborizada 500ml,Bebidas,Mayorista,Centro,Activo,0.20068955609826175,1.690721649484536,0.0,1382.4527681361644,1382.4527681361644,1493.0489895870578,1382.4527681361644
2026-03-01,SKU-1014,Agua Saborizada 500ml,Bebidas,Mayorista,Norte,Activo,0.0749413398458076,1.690721649484536,0.0,516.2344505209013,516.2344505209013,557.5332065625735,516.2344505209013
2026-03-01,SKU-1014,Agua Saborizada 500ml,Bebidas,Mayorista,Sur,Activo,0.08145381410716851,1.690721649484536,0.0,561.0957190645706,561.0957190645706,605.9833765897364,561.0957190645706
2026-03-01,SKU-1014,Agua Saborizada 500ml,Bebidas,Supermercado,Centro,Activo,0.24699516353014414,1.690721649484536,0.0,1701.4295819724018,1701.4295819724018,1837.543948530194,1701.4295819724018
2026-03-01,SKU-1014,Agua Saborizada 500ml,Bebidas,Supermercado,Norte,Activo,0.132212804673658,1.690721649484536,0.0,910.7497238902291,910.7497238902291,983.6097018014475,910.7497238902291
2026-03-01,SKU-1014,Agua Saborizada 500ml,Bebidas,Supermercado,Sur,Activo,0.14303500454915483,1.690721649484536,0.0,985.2985966172091,985.2985966172091,1064.122484346586,985.2985966172091
2026-03-01,SKU-1015,Bebida Isotonica 600ml,Bebidas,Ecommerce,Centro,Activo,0.07379003974748656,1.6883561643835616,0.0,508.35773831666836,508.35773831666836,549.0263573820018,508.35773831666836
2026-03-01,SKU-1015,Bebida Isotonica 600ml,Bebidas,Ecommerce,Norte,Activo,0.027215337853635727,1.6883561643835616,0.0,187.49315823846703,187.49315823846703,202.49261089754438,187.49315823846703
2026-03-01,SKU-1015,Bebida Isotonica 600ml,Bebidas,Ecommerce,Sur,Activo,0.0276361935936404,1.6883561643835616,0.0,190.3925369741134,190.3925369741134,205.62393993204248,190.3925369741134
2026-03-01,SKU-1015,Bebida Isotonica 600ml,Bebidas,Mayorista,Centro,Activo,0.16609773205517886,1.6883561643835616,0.0,1144.288141001778,1144.288141001778,1235.8311922819203,1144.288141001778
2026-03-01,SKU-1015,Bebida Isotonica 600ml,Bebidas,Mayorista,Norte,Activo,0.06986205284077625,1.6883561643835616,0.0,481.296870117302,481.296870117302,519.8006197266861,481.296870117302
2026-03-01,SKU-1015,Bebida Isotonica 600ml,Bebidas,Mayorista,Sur,Activo,0.08435819499649287,1.6883561643835616,0.0,581.1643599006778,581.1643599006778,627.6575086927321,581.1643599006778
2026-03-01,SKU-1015,Bebida Isotonica 600ml,Bebidas,Supermercado,Centro,Activo,0.29413140051437925,1.6883561643835616,0.0,2026.343583023982,2026.343583023982,2188.451069665901,2026.343583023982
2026-03-01,SKU-1015,Bebida Isotonica 600ml,Bebidas,Supermercado,Norte,Activo,0.12387187280804302,1.6883561643835616,0.0,853.3838078585895,853.3838078585895,921.6545124872767,853.3838078585895
2026-03-01,SKU-1015,Bebida Isotonica 600ml,Bebidas,Supermercado,Sur,Activo,0.13303717559036707,1.6883561643835616,0.0,916.525833657111,916.525833657111,989.8479003496799,916.525833657111
2026-03-01,SKU-1016,Te Helado 1.5L,Bebidas,Ecommerce,Centro,Activo,0.06574192796363212,1.5667870036101084,0.14814814814814814,169.41490531331544,183.6404114687857,198.33164438628856,183.6404114687857
2026-03-01,SKU-1016,Te Helado 1.5L,Bebidas,Ecommerce,Norte,Activo,0.026576524070404475,1.5667870036101084,0.14814814814814814,68.48687661602114,74.23761314695591,80.1766221987124,74.23761314695591
2026-03-01,SKU-1016,Te Helado 1.5L,Bebidas,Ecommerce,Sur,Activo,0.025294323347709525,1.5667870036101084,0.14814814814814814,65.18268520033591,70.65597391618174,76.30845182947628,70.65597391618174
2026-03-01,SKU-1016,Te Helado 1.5L,Bebidas,Mayorista,Centro,Activo,0.14931810234293041,1.5667870036101084,0.14814814814814814,384.78810940843454,417.098168601976,450.4660220901341,417.098168601976
2026-03-01,SKU-1016,Te Helado 1.5L,Bebidas,Mayorista,Norte,Activo,0.07856393519058165,1.5667870036101084,0.14814814814814814,202.45681947016772,219.45680377652758,237.01334807864978,219.45680377652758
2026-03-01,SKU-1016,Te Helado 1.5L,Bebidas,Mayorista,Sur,Activo,0.07413451451218091,1.5667870036101084,0.14814814814814814,191.04234003416423,207.08386825203493,223.65057771219773,207.08386825203493
2026-03-01,SKU-1016,Te Helado 1.5L,Bebidas,Supermercado,Centro,Activo,0.29665462175078683,1.5667870036101084,0.14814814814814814,764.4697411744465,828.6610765745738,894.9539627005398,828.6610765745738
2026-03-01,SKU-1016,Te Helado 1.5L,Bebidas,Supermercado,Norte,Activo,0.13066791001282202,1.5667870036101084,0.14814814814814814,336.72714336210396,365.0015979725333,394.201725810336,365.0015979725333
2026-03-01,SKU-1016,Te Helado 1.5L,Bebidas,Supermercado,Sur,Activo,0.1530481408089521,1.5667870036101084,0.14814814814814814,394.4003026177007,427.51748272786455,461.7188813460938,427.51748272786455
2026-03-01,SKU-1017,Nectar Durazno 1L,Bebidas,Ecommerce,Centro,Activo,0.06244875649084449,1.6616982440073014,0.07407407407407407,280.1388926840504,293.8698121927309,317.3793971681494,293.8698121927309
2026-03-01,SKU-1017,Nectar Durazno 1L,Bebidas,Ecommerce,Norte,Activo,0.027466520907351737,1.6616982440073014,0.07407407407407407,123.21207314987777,129.25127407163876,139.59137599736988,129.25127407163876
2026-03-01,SKU-1017,Nectar Durazno 1L,Bebidas,Ecommerce,Sur,Activo,0.023845312927029242,1.6616982440073014,0.07407407407407407,106.96769534653566,112.21068321144757,121.18753786836338,112.21068321144757
2026-03-01,SKU-1017,Nectar Durazno 1L,Bebidas,Mayorista,Centro,Activo,0.18536485378518722,1.6616982440073014,0.07407407407407407,831.5282449144736,872.2853396924278,942.068166867822,872.2853396924278
2026-03-01,SKU-1017,Nectar Durazno 1L,Bebidas,Mayorista,Norte,Activo,0.06777808144301722,1.6616982440073014,0.07407407407407407,304.0457128474596,318.94841760961606,344.4642910183854,318.94841760961606
2026-03-01,SKU-1017,Nectar Durazno 1L,Bebidas,Mayorista,Sur,Activo,0.06593331511341896,1.6616982440073014,0.07407407407407407,295.77027509858715,310.2673618883865,335.0887508394575,310.2673618883865
2026-03-01,SKU-1017,Nectar Durazno 1L,Bebidas,Supermercado,Centro,Activo,0.33561082262913366,1.6616982440073014,0.07407407407407407,1505.5166749059692,1579.3091000992279,1705.6538281071662,1579.3091000992279
2026-03-01,SKU-1017,Nectar Durazno 1L,Bebidas,Supermercado,Norte,Activo,0.12544411041268105,1.6616982440073014,0.07407407407407407,562.7297669233222,590.3117890436039,637.5367321670922,590.3117890436039
2026-03-01,SKU-1017,Nectar Durazno 1L,Bebidas,Supermercado,Sur,Activo,0.10610822629133643,1.6616982440073014,0.07407407407407407,475.9909194073636,499.32146426182834,539.2671814027746,499.32146426182834
2026-03-01,SKU-1018,Arroz Grano Largo 1kg,Despensa,Ecommerce,Centro,Activo,0.06295982978287062,1.7129528844658684,0.0,780.3279235368077,780.3279235368077,842.7541574197523,780.3279235368077
2026-03-01,SKU-1018,Arroz Grano Largo 1kg,Despensa,Ecommerce,Norte,Activo,0.03168499577020688,1.7129528844658684,0.0,392.70574653562477,392.70574653562477,424.1222062584747,392.70574653562477
2026-03-01,SKU-1018,Arroz Grano Largo 1kg,Despensa,Ecommerce,Sur,Activo,0.03337691302007229,1.7129528844658684,0.0,413.6754708651969,413.6754708651969,446.7695085344127,413.6754708651969
2026-03-01,SKU-1018,Arroz Grano Largo 1kg,Despensa,Mayorista,Centro,Activo,0.15155476941218693,1.7129528844658684,0.0,1878.3789429762244,1878.3789429762244,2028.6492584143223,1878.3789429762244
2026-03-01,SKU-1018,Arroz Grano Largo 1kg,Despensa,Mayorista,Norte,Activo,0.07364967058883848,1.7129528844658684,0.0,912.8184545281957,912.8184545281957,985.8439308904514,912.8184545281957
2026-03-01,SKU-1018,Arroz Grano Largo 1kg,Despensa,Mayorista,Sur,Activo,0.11833166705119331,1.7129528844658684,0.0,1466.609810686443,1466.609810686443,1583.9385955413586,1466.609810686443
2026-03-01,SKU-1018,Arroz Grano Largo 1kg,Despensa,Supermercado,Centro,Activo,0.26704093927042477,1.7129528844658684,0.0,3309.7214900174777,3309.7214900174777,3574.499209218876,3309.7214900174777
2026-03-01,SKU-1018,Arroz Grano Largo 1kg,Despensa,Supermercado,Norte,Activo,0.10407854597656951,1.7129528844658684,0.0,1289.9557693645925,1289.9557693645925,1393.15223091376,1289.9557693645925
2026-03-01,SKU-1018,Arroz Grano Largo 1kg,Despensa,Supermercado,Sur,Activo,0.1573226691276372,1.7129528844658684,0.0,1949.8666395543112,1949.8666395543112,2105.8559707186564,1949.8666395543112
2026-03-01,SKU-1019,Fideos Spaghetti 400g,Despensa,Ecommerce,Centro,Activo,0.060772613065326636,1.8031651182739419,0.1111111111111111,257.14915333504206,280.0972900186402,302.5050732201314,280.0972900186402
2026-03-01,SKU-1019,Fideos Spaghetti 400g,Despensa,Ecommerce,Norte,Activo,0.027245603015075375,1.8031651182739419,0.1111111111111111,115.28521473806148,125.57333286365392,135.61919949274625,125.57333286365392
2026-03-01,SKU-1019,Fideos Spaghetti 400g,Despensa,Ecommerce,Sur,Activo,0.0313285175879397,1.8031651182739419,0.1111111111111111,132.56138524635887,144.3912386530199,155.94253774526155,144.3912386530199
2026-03-01,SKU-1019,Fideos Spaghetti 400g,Despensa,Mayorista,Centro,Activo,0.2083071608040201,1.8031651182739419,0.1111111111111111,881.4169299714038,960.075078061308,1036.8810843062126,960.075078061308
2026-03-01,SKU-1019,Fideos Spaghetti 400g,Despensa,Mayorista,Norte,Activo,0.08236494974874371,1.8031651182739419,0.1111111111111111,348.51351660007634,379.61506102009497,409.9842659017026,379.61506102009497
2026-03-01,SKU-1019,Fideos Spaghetti 400g,Despensa,Mayorista,Sur,Activo,0.06901695979899497,1.8031651182739419,0.1111111111111111,292.0337283998733,318.0949844010138,343.54258315309494,318.0949844010138
2026-03-01,SKU-1019,Fideos Spaghetti 400g,Despensa,Supermercado,Centro,Activo,0.24866520100502512,1.8031651182739419,0.1111111111111111,1052.1852307649588,1146.0828391331181,1237.7694662637678,1146.0828391331181
2026-03-01,SKU-1019,Fideos Spaghetti 400g,Despensa,Supermercado,Norte,Activo,0.12060301507537688,1.8031651182739419,0.1111111111111111,510.3114980912462,555.8519863935804,600.320145305067,555.8519863935804
2026-03-01,SKU-1019,Fideos Spaghetti 400g,Despensa,Supermercado,Sur,Activo,0.15169597989949749,1.8031651182739419,0.1111111111111111,641.8761811928956,699.1575766356755,755.0901827665296,699.1575766356755
2026-03-01,SKU-1020,Aceite Vegetal 900ml,Despensa,Ecommerce,Centro,Activo,0.08469313602431129,1.72162451140297,0.1111111111111111,939.1680650804957,1014.4710313126052,1095.6287138176135,1014.4710313126052
2026-03-01,SKU-1020,Aceite Vegetal 900ml,Despensa,Ecommerce,Norte,Activo,0.036103587236572636,1.72162451140297,0.1111111111111111,400.35518530927527,432.45586475221427,467.05233393239143,432.45586475221427
2026-03-01,SKU-1020,Aceite Vegetal 900ml,Despensa,Ecommerce,Sur,Activo,0.03798639096254212,1.72162451140297,0.1111111111111111,421.2337265376638,455.0084578820187,491.40913451258024,455.0084578820187
2026-03-01,SKU-1020,Aceite Vegetal 900ml,Despensa,Mayorista,Centro,Activo,0.15812248133712095,1.72162451140297,0.1111111111111111,1753.4311729876492,1894.0221633749768,2045.543936444975,1894.0221633749768
2026-03-01,SKU-1020,Aceite Vegetal 900ml,Despensa,Mayorista,Norte,Activo,0.07878047169188082,1.72162451140297,0.1111111111111111,873.6021198194159,943.6479756944475,1019.1398137500033,943.6479756944475
2026-03-01,SKU-1020,Aceite Vegetal 900ml,Despensa,Mayorista,Sur,Activo,0.0736935984673317,1.72162451140297,0.1111111111111111,817.1934294830678,882.7164082911162,953.3337209544055,882.7164082911162
2026-03-01,SKU-1020,Aceite Vegetal 900ml,Despensa,Supermercado,Centro,Activo,0.2807359450353439,1.72162451140297,0.1111111111111111,3113.1003842118303,3362.7103335124148,3631.727160193408,3362.7103335124148
2026-03-01,SKU-1020,Aceite Vegetal 900ml,Despensa,Supermercado,Norte,Activo,0.1308713747770364,1.72162451140297,0.1111111111111111,1451.241760471499,1567.6030522857025,1693.0112964685588,1567.6030522857025
2026-03-01,SKU-1020,Aceite Vegetal 900ml,Despensa,Supermercado,Sur,Activo,0.11901301446786021,1.72162451140297,0.1111111111111111,1319.7435797523501,1425.5612815207942,1539.6061840424577,1425.5612815207942
2026-03-01,SKU-1021,Azucar 1kg,Despensa,Ecommerce,Centro,Pausado,0.07038951350775297,2.4424173318129987,0.0,0.0,0.0,0.0,0.0
2026-03-01,SKU-1021,Azucar 1kg,Despensa,Ecommerce,Norte,Pausado,0.029519901955560292,2.4424173318129987,0.0,0.0,0.0,0.0,0.0
2026-03-01,SKU-1021,Azucar 1kg,Despensa,Ecommerce,Sur,Pausado,0.02733521607076251,2.4424173318129987,0.0,0.0,0.0,0.0,0.0
2026-03-01,SKU-1021,Azucar 1kg,Despensa,Mayorista,Centro,Pausado,0.1732296051579901,2.4424173318129987,0.0,0.0,0.0,0.0,0.0
2026-03-01,SKU-1021,Azucar 1kg,Despensa,Mayorista,Norte,Pausado,0.07273405445729206,2.4424173318129987,0.0,0.0,0.0,0.0,0.0
2026-03-01,SKU-1021,Azucar 1kg,Despensa,Mayorista,Sur,Pausado,0.08578888474449832,2.4424173318129987,0.0,0.0,0.0,0.0,0.0
2026-03-01,SKU-1021,Azucar 1kg,Despensa,Supermercado,Centro,Pausado,0.28326317472158574,2.4424173318129987,0.0,0.0,0.0,0.0,0.0
2026-03-01,SKU-1021,Azucar 1kg,Despensa,Supermercado,Norte,Pausado,0.12521980071401928,2.4424173318129987,0.0,0.0,0.0,0.0,0.0
2026-03-01,SKU-1021,Azucar 1kg,Despensa,Supermercado,Sur,Pausado,0.1325198486705387,2.4424173318129987,0.0,0.0,0.0,0.0,0.0
2026-03-01,SKU-1022,Harina 1kg,Despensa,Ecommerce,Centro,Activo,0.07070138515001713,1.733144863107313,0.0,939.4422748249183,939.4422748249183,1014.5976568109118,939.4422748249183
2026-03-01,SKU-1022,Harina 1kg,Despensa,Ecommerce,Norte,Activo,0.03188781753218149,1.733144863107313,0.0,423.708301868075,423.708301868075,457.604966017521,423.708301868075
2026-03-01,SKU-1022,Harina 1kg,Despensa,Ecommerce,Sur,Activo,0.026895404042876023,1.733144863107313,0.0,357.37177571221366,357.37177571221366,385.9615177691908,357.37177571221366
2026-03-01,SKU-1022,Harina 1kg,Despensa,Mayorista,Centro,Activo,0.1749791982771279,1.733144863107313,0.0,2325.030205952982,2325.030205952982,2511.032622429221,2325.030205952982
2026-03-01,SKU-1022,Harina 1kg,Despensa,Mayorista,Norte,Activo,0.07055454945915521,1.733144863107313,0.0,937.4912005262165,937.4912005262165,1012.4904965683138,937.4912005262165
2026-03-01,SKU-1022,Harina 1kg,Despensa,Mayorista,Sur,Activo,0.07679506632078704,1.733144863107313,0.0,1020.4118582210432,1020.4118582210432,1102.0448068787266,1020.4118582210432
2026-03-01,SKU-1022,Harina 1kg,Despensa,Supermercado,Centro,Activo,0.29107728451862364,1.733144863107313,0.0,3867.679618126541,3867.679618126541,4177.093987576664,3867.679618126541
2026-03-01,SKU-1022,Harina 1kg,Despensa,Supermercado,Norte,Activo,0.13364495129949586,1.733144863107313,0.0,1775.8027908684246,1775.8027908684246,1917.8670141378984,1775.8027908684246
2026-03-01,SKU-1022,Harina 1kg,Despensa,Supermercado,Sur,Activo,0.1234643433997357,1.733144863107313,0.0,1640.528306158433,1640.528306158433,1771.7705706511076,1640.528306158433
2026-03-01,SKU-1023,Salsa Tomate 200g,Despensa,Ecommerce,Centro,Activo,0.06400707319687064,1.5941085046692045,0.0,816.3432122837995,816.3432122837995,881.6506692665035,816.3432122837995
2026-03-01,SKU-1023,Salsa Tomate 200g,Despensa,Ecommerce,Norte,Activo,0.03903654485049834,1.5941085046692045,0.0,497.8702638331921,497.8702638331921,537.6998849398475,497.8702638331921
2026-03-01,SKU-1023,Salsa Tomate 200g,Despensa,Ecommerce,Sur,Activo,0.036276926374450756,1.5941085046692045,0.0,462.6742191009898,462.6742191009898,499.688156629069,462.6742191009898
2026-03-01,SKU-1023,Salsa Tomate 200g,Despensa,Mayorista,Centro,Activo,0.1763208659307684,1.5941085046692045,0.0,2248.7880619672183,2248.7880619672183,2428.6911069245957,2248.7880619672183
2026-03-01,SKU-1023,Salsa Tomate 200g,Despensa,Mayorista,Norte,Activo,0.07057121423212946,1.5941085046692045,0.0,900.061959462339,900.061959462339,972.0669162193262,900.061959462339
2026-03-01,SKU-1023,Salsa Tomate 200g,Despensa,Mayorista,Sur,Activo,0.08479798521058836,1.5941085046692045,0.0,1081.5095298778674,1081.5095298778674,1168.030292268097,1081.5095298778674
2026-03-01,SKU-1023,Salsa Tomate 200g,Despensa,Supermercado,Centro,Activo,0.27325581395348836,1.5941085046692045,0.0,3485.0918468323443,3485.0918468323443,3763.899194578932,3485.0918468323443
2026-03-01,SKU-1023,Salsa Tomate 200g,Despensa,Supermercado,Norte,Activo,0.12656735612474548,1.5941085046692045,0.0,1614.2341292711048,1614.2341292711048,1743.3728596127933,1614.2341292711048
2026-03-01,SKU-1023,Salsa Tomate 200g,Despensa,Supermercado,Sur,Activo,0.12916622012646017,1.5941085046692045,0.0,1647.379918970363,1647.379918970363,1779.170312487992,1647.379918970363
2026-03-01,SKU-1024,Atun Lomitos 160g,Despensa,Ecommerce,Centro,Activo,0.059483894144413844,1.7532984293193716,0.0,720.9915290421184,720.9915290421184,778.6708513654879,720.9915290421184
2026-03-01,SKU-1024,Atun Lomitos 160g,Despensa,Ecommerce,Norte,Activo,0.035325110765177824,1.7532984293193716,0.0,428.16809475072955,428.16809475072955,462.421542330788,428.16809475072955
2026-03-01,SKU-1024,Atun Lomitos 160g,Despensa,Ecommerce,Sur,Activo,0.03418752245240091,1.7532984293193716,0.0,414.37963068248575,414.37963068248575,447.5300011370847,414.37963068248575
2026-03-01,SKU-1024,Atun Lomitos 160g,Despensa,Mayorista,Centro,Activo,0.12693090647826608,1.7532984293193716,0.0,1538.5023065619434,1538.5023065619434,1661.5824910868992,1538.5023065619434
2026-03-01,SKU-1024,Atun Lomitos 160g,Despensa,Mayorista,Norte,Activo,0.09058795353849838,1.7532984293193716,0.0,1097.9971650133116,1097.9971650133116,1185.8369382143767,1097.9971650133116
2026-03-01,SKU-1024,Atun Lomitos 160g,Despensa,Mayorista,Sur,Activo,0.08103819901808167,1.7532984293193716,0.0,982.2466377035804,982.2466377035804,1060.8263687198669,982.2466377035804
2026-03-01,SKU-1024,Atun Lomitos 160g,Despensa,Supermercado,Centro,Activo,0.3149622799664711,1.7532984293193716,0.0,3817.5902753156147,3817.5902753156147,4122.997497340864,3817.5902753156147
2026-03-01,SKU-1024,Atun Lomitos 160g,Despensa,Supermercado,Norte,Activo,0.11271105256855467,1.7532984293193716,0.0,1366.1465057088956,1366.1465057088956,1475.4382261656074,1366.1465057088956
2026-03-01,SKU-1024,Atun Lomitos 160g,Despensa,Supermercado,Sur,Activo,0.14477308106813555,1.7532984293193716,0.0,1754.7634798428203,1754.7634798428203,1895.1445582302463,1754.7634798428203
2026-03-01,SKU-1025,Legumbres Mix 500g,Despensa,Ecommerce,Centro,Activo,0.06198466239981549,1.7396449704142012,0.0,375.9592005847383,375.9592005847383,406.0359366315174,375.9592005847383
2026-03-01,SKU-1025,Legumbres Mix 500g,Despensa,Ecommerce,Norte,Activo,0.04336043360433604,1.7396449704142012,0.0,262.99657566485877,262.99657566485877,284.0363017180475,262.99657566485877
2026-03-01,SKU-1025,Legumbres Mix 500g,Despensa,Ecommerce,Sur,Activo,0.03257798535432163,1.7396449704142012,0.0,197.59716123756013,197.59716123756013,213.40493413656498,197.59716123756013
2026-03-01,SKU-1025,Legumbres Mix 500g,Despensa,Mayorista,Centro,Activo,0.16583059447615753,1.7396449704142012,0.0,1005.8220101225185,1005.8220101225185,1086.28777093232,1005.8220101225185
2026-03-01,SKU-1025,Legumbres Mix 500g,Despensa,Mayorista,Norte,Activo,0.07663034077149282,1.7396449704142012,0.0,464.7904907694113,464.7904907694113,501.97373003096425,464.7904907694113
2026-03-01,SKU-1025,Legumbres Mix 500g,Despensa,Mayorista,Sur,Activo,0.074035633973361,1.7396449704142012,0.0,449.0526637681897,449.0526637681897,484.9768768696449,449.0526637681897
2026-03-01,SKU-1025,Legumbres Mix 500g,Despensa,Supermercado,Centro,Activo,0.277460646946895,1.7396449704142012,0.0,1682.8983006639633,1682.8983006639633,1817.5301647170804,1682.8983006639633
2026-03-01,SKU-1025,Legumbres Mix 500g,Despensa,Supermercado,Norte,Activo,0.12748659401487633,1.7396449704142012,0.0,773.2518999933549,773.2518999933549,835.1120519928232,773.2518999933549
2026-03-01,SKU-1025,Legumbres Mix 500g,Despensa,Supermercado,Sur,Activo,0.14063310845874416,1.7396449704142012,0.0,852.9902234662109,852.9902234662109,921.2294413435078,852.9902234662109
2026-03-01,SKU-1007,Galleta Avena 180g,Galletas,Ecommerce,Centro,Activo,0.06434788073019763,1.8868673503142575,0.0,749.9039825651092,749.9039825651092,809.896301170318,749.9039825651092
2026-03-01,SKU-1007,Galleta Avena 180g,Galletas,Ecommerce,Norte,Activo,0.031105665001413894,1.8868673503142575,0.0,362.502413447001,362.502413447001,391.50260652276114,362.502413447001
2026-03-01,SKU-1007,Galleta Avena 180g,Galletas,Ecommerce,Sur,Activo,0.03176548213780752,1.8868673503142575,0.0,370.19185858072524,370.19185858072524,399.80720726718334,370.19185858072524
2026-03-01,SKU-1007,Galleta Avena 180g,Galletas,Mayorista,Centro,Activo,0.16266063405284822,1.8868673503142575,0.0,1895.6313074900247,1895.6313074900247,2047.2818120892268,1895.6313074900247
2026-03-01,SKU-1007,Galleta Avena 180g,Galletas,Mayorista,Norte,Activo,0.07763848304898356,1.8868673503142575,0.0,904.791377401555,904.791377401555,977.1746875936796,904.791377401555
2026-03-01,SKU-1007,Galleta Avena 180g,Galletas,Mayorista,Sur,Activo,0.0760046501398184,1.8868673503142575,0.0,885.7508465942379,885.7508465942379,956.610914321777,885.7508465942379
2026-03-01,SKU-1007,Galleta Avena 180g,Galletas,Supermercado,Centro,Activo,0.2574857825117039,1.8868673503142575,0.0,3000.714422422397,3000.714422422397,3240.7715762161893,3000.714422422397
2026-03-01,SKU-1007,Galleta Avena 180g,Galletas,Supermercado,Norte,Activo,0.1323090457787413,1.8868673503142575,0.0,1541.916831338708,1541.916831338708,1665.270177845805,1541.916831338708
2026-03-01,SKU-1007,Galleta Avena 180g,Galletas,Supermercado,Sur,Activo,0.16668237659848556,1.8868673503142575,0.0,1942.5003064003438,1942.5003064003438,2097.9003309123714,1942.5003064003438
2026-03-01,SKU-1008,Galleta Chocolate 200g,Galletas,Ecommerce,Centro,Activo,0.06418536763364349,1.8100584222042841,0.0,670.245519150775,670.245519150775,723.865160682837,670.245519150775
2026-03-01,SKU-1008,Galleta Chocolate 200g,Galletas,Ecommerce,Norte,Activo,0.029155263638022257,1.8100584222042841,0.0,304.4492153504657,304.4492153504657,328.80515257850294,304.4492153504657
2026-03-01,SKU-1008,Galleta Chocolate 200g,Galletas,Ecommerce,Sur,Activo,0.030468892537858054,1.8100584222042841,0.0,318.1665767429773,318.1665767429773,343.6199028824155,318.1665767429773
2026-03-01,SKU-1008,Galleta Chocolate 200g,Galletas,Mayorista,Centro,Activo,0.21503375296478744,1.8100584222042841,0.0,2245.4558523908568,2245.4558523908568,2425.092320582125,2245.4558523908568
2026-03-01,SKU-1008,Galleta Chocolate 200g,Galletas,Mayorista,Norte,Activo,0.07640941434044882,1.8100584222042841,0.0,797.8931876644245,797.8931876644245,861.7246426775785,797.8931876644245
2026-03-01,SKU-1008,Galleta Chocolate 200g,Galletas,Mayorista,Sur,Activo,0.07837985769020252,1.8100584222042841,0.0,818.4692297531919,818.4692297531919,883.9467681334473,818.4692297531919
2026-03-01,SKU-1008,Galleta Chocolate 200g,Galletas,Supermercado,Centro,Activo,0.2569604086845466,1.8100584222042841,0.0,2683.2683035018517,2683.2683035018517,2897.929767782,2683.2683035018517
2026-03-01,SKU-1008,Galleta Chocolate 200g,Galletas,Supermercado,Norte,Activo,0.12614486407589856,1.8100584222042841,0.0,1317.247731497572,1317.247731497572,1422.6275500173776,1317.247731497572
2026-03-01,SKU-1008,Galleta Chocolate 200g,Galletas,Supermercado,Sur,Activo,0.12326217843459222,1.8100584222042841,0.0,1287.145743997338,1287.145743997338,1390.1174035171252,1287.145743997338
2026-03-01,SKU-1009,Galleta Salada 150g,Galletas,Ecommerce,Centro,Activo,0.05692495900465915,1.7821671358843614,0.14814814814814814,625.1522147495743,697.5927358314173,753.4001546979307,697.5927358314173
2026-03-01,SKU-1009,Galleta Salada 150g,Galletas,Ecommerce,Norte,Activo,0.03297847419245686,1.7821671358843614,0.14814814814814814,362.1709447131736,404.13808701344567,436.46913397452136,404.13808701344567
2026-03-01,SKU-1009,Galleta Salada 150g,Galletas,Ecommerce,Sur,Activo,0.03948567115229444,1.7821671358843614,0.14814814814814814,433.63324635349994,483.8811981052858,522.5916939537087,483.8811981052858
2026-03-01,SKU-1009,Galleta Salada 150g,Galletas,Mayorista,Centro,Activo,0.14646398917202427,1.7821671358843614,0.14814814814814814,1608.473485320464,1794.8579444551374,1938.4465800115483,1794.8579444551374
2026-03-01,SKU-1009,Galleta Salada 150g,Galletas,Mayorista,Norte,Activo,0.05814831203310862,1.7821671358843614,0.14814814814814814,638.5871274579557,712.5844407166833,769.591195974018,712.5844407166833
2026-03-01,SKU-1009,Galleta Salada 150g,Galletas,Mayorista,Sur,Activo,0.06837762565397329,1.7821671358843614,0.14814814814814814,750.9258656365486,837.9406113530558,904.9758602613003,837.9406113530558
2026-03-01,SKU-1009,Galleta Salada 150g,Galletas,Supermercado,Centro,Activo,0.3359015070668159,1.7821671358843614,0.14814814814814814,3688.8840106736425,4116.339394560786,4445.646546125649,4116.339394560786
2026-03-01,SKU-1009,Galleta Salada 150g,Galletas,Supermercado,Norte,Activo,0.1100757437726125,1.7821671358843614,0.14814814814814814,1208.8562945477593,1348.9344672295672,1456.8492246079327,1348.9344672295672
2026-03-01,SKU-1009,Galleta Salada 150g,Galletas,Supermercado,Sur,Activo,0.15164371795205497,1.7821671358843614,0.14814814814814814,1665.3574774261638,1858.333460884242,2007.0001377549813,1858.333460884242
2026-03-01,SKU-1010,Barra Cereal Pack 6,Galletas,Ecommerce,Centro,Activo,0.09390699009616765,1.6293423816448538,0.1111111111111111,759.2208962997104,812.3108837521326,877.2957544523033,812.3108837521326
2026-03-01,SKU-1010,Barra Cereal Pack 6,Galletas,Ecommerce,Norte,Activo,0.03218745514568681,1.6293423816448538,0.1111111111111111,260.229707291112,278.42677215348215,300.70091392576074,278.42677215348215
2026-03-01,SKU-1010,Barra Cereal Pack 6,Galletas,Ecommerce,Sur,Activo,0.02938854600258361,1.6293423816448538,0.1111111111111111,237.6010370918849,254.215748487962,274.553008366999,254.215748487962
2026-03-01,SKU-1010,Barra Cereal Pack 6,Galletas,Mayorista,Centro,Activo,0.14464618917755132,1.6293423816448538,0.1111111111111111,1169.4380714498022,1251.2132871245115,1351.3103500944724,1251.2132871245115
2026-03-01,SKU-1010,Barra Cereal Pack 6,Galletas,Mayorista,Norte,Activo,0.07779532079804793,1.6293423816448538,0.1111111111111111,628.9609870759541,672.9422988057406,726.7776827101999,672.9422988057406
2026-03-01,SKU-1010,Barra Cereal Pack 6,Galletas,Mayorista,Sur,Activo,0.08615616477680493,1.6293423816448538,0.1111111111111111,696.5568865172352,745.2649720629997,804.8861698280397,745.2649720629997
2026-03-01,SKU-1010,Barra Cereal Pack 6,Galletas,Supermercado,Centro,Activo,0.28882589349791876,1.6293423816448538,0.1111111111111111,2335.1046978664,2498.391403638103,2698.262715929151,2498.391403638103
2026-03-01,SKU-1010,Barra Cereal Pack 6,Galletas,Supermercado,Norte,Activo,0.1025907851298981,1.6293423816448538,0.1111111111111111,829.4277961485946,887.4271366631054,958.421307596154,887.4271366631054
2026-03-01,SKU-1010,Barra Cereal Pack 6,Galletas,Supermercado,Sur,Activo,0.1445026553753409,1.6293423816448538,0.1111111111111111,1168.277626824201,1249.9716961673053,1349.9694318606898,1249.9716961673053
2026-03-01,SKU-1011,Snack Mix 120g,Galletas,Ecommerce,Centro,Activo,0.05955318658901721,1.7718032524313152,0.0,645.7375010366957,645.7375010366957,697.3965011196315,645.7375010366957
2026-03-01,SKU-1011,Snack Mix 120g,Galletas,Ecommerce,Norte,Activo,0.03629125127496463,1.7718032524313152,0.0,393.5074384770582,393.5074384770582,424.9880335552229,393.5074384770582
2026-03-01,SKU-1011,Snack Mix 120g,Galletas,Ecommerce,Sur,Activo,0.03221136445892146,1.7718032524313152,0.0,349.2690682402901,349.2690682402901,377.21059369951337,349.2690682402901
2026-03-01,SKU-1011,Snack Mix 120g,Galletas,Mayorista,Centro,Activo,0.1375316684762939,1.7718032524313152,0.0,1491.2611902394408,1491.2611902394408,1610.5620854585964,1491.2611902394408
2026-03-01,SKU-1011,Snack Mix 120g,Galletas,Mayorista,Norte,Activo,0.0775836541308854,1.7718032524313152,0.0,841.242556599187,841.242556599187,908.541961127122,841.242556599187
2026-03-01,SKU-1011,Snack Mix 120g,Galletas,Mayorista,Sur,Activo,0.07320764649754878,1.7718032524313152,0.0,793.7933369097502,793.7933369097502,857.2968038625304,793.7933369097502
2026-03-01,SKU-1011,Snack Mix 120g,Galletas,Supermercado,Centro,Activo,0.27555687164807685,1.7718032524313152,0.0,2987.8737962333294,2987.8737962333294,3226.903699931996,2987.8737962333294
2026-03-01,SKU-1011,Snack Mix 120g,Galletas,Supermercado,Norte,Activo,0.1184812292304149,1.7718032524313152,0.0,1284.6965421177576,1284.6965421177576,1387.4722654871784,1284.6965421177576
2026-03-01,SKU-1011,Snack Mix 120g,Galletas,Supermercado,Sur,Activo,0.1895831276938769,1.7718032524313152,0.0,2055.6571718085306,2055.6571718085306,2220.1097455532135,2055.6571718085306
2026-03-01,SKU-1001,Yogurt Natural 1L,Lacteos,Ecommerce,Centro,Activo,0.06452271887988811,1.9050386657544744,0.0,664.5331120579598,664.5331120579598,717.6957610225967,664.5331120579598
2026-03-01,SKU-1001,Yogurt Natural 1L,Lacteos,Ecommerce,Norte,Activo,0.03428849795321867,1.9050386657544744,0.0,353.14448380673855,353.14448380673855,381.39604251127764,353.14448380673855
2026-03-01,SKU-1001,Yogurt Natural 1L,Lacteos,Ecommerce,Sur,Activo,0.032277073691984945,1.9050386657544744,0.0,332.4284004303579,332.4284004303579,359.0226724647865,332.4284004303579
2026-03-01,SKU-1001,Yogurt Natural 1L,Lacteos,Mayorista,Centro,Activo,0.13844256048022754,1.9050386657544744,0.0,1425.849176139948,1425.849176139948,1539.9171102311439,1425.849176139948
2026-03-01,SKU-1001,Yogurt Natural 1L,Lacteos,Mayorista,Norte,Activo,0.09403408421267669,1.9050386657544744,0.0,968.4768978457944,968.4768978457944,1045.955049673458,968.4768978457944
2026-03-01,SKU-1001,Yogurt Natural 1L,Lacteos,Mayorista,Sur,Activo,0.077502691065662,1.9050386657544744,0.0,798.216587596166,798.216587596166,862.0739146038594,798.216587596166
2026-03-01,SKU-1001,Yogurt Natural 1L,Lacteos,Supermercado,Centro,Activo,0.28474224698089934,1.9050386657544744,0.0,2932.6205529688827,2932.6205529688827,3167.2301972063938,2932.6205529688827
2026-03-01,SKU-1001,Yogurt Natural 1L,Lacteos,Supermercado,Norte,Activo,0.14055612737972703,1.9050386657544744,0.0,1447.6172481252852,1447.6172481252852,1563.4266279753083,1447.6172481252852
2026-03-01,SKU-1001,Yogurt Natural 1L,Lacteos,Supermercado,Sur,Activo,0.13363399935571565,1.9050386657544744,0.0,1376.324789318288,1376.324789318288,1486.430772463751,1376.324789318288
2026-03-01,SKU-1002,Yogurt Frutado Pack 4,Lacteos,Ecommerce,Centro,Activo,0.06520994979461434,1.7203473106614469,0.1111111111111111,339.50796430142736,366.6817030828358,396.0162393294626,366.6817030828358
2026-03-01,SKU-1002,Yogurt Frutado Pack 4,Lacteos,Ecommerce,Norte,Activo,0.02453217708808763,1.7203473106614469,0.1111111111111111,127.723906080152,137.94674744148676,148.9824872368057,137.94674744148676
2026-03-01,SKU-1002,Yogurt Frutado Pack 4,Lacteos,Ecommerce,Sur,Activo,0.03132131446827933,1.7203473106614469,0.1111111111111111,163.0707545069848,176.12270777994476,190.21252440234034,176.12270777994476
2026-03-01,SKU-1002,Yogurt Frutado Pack 4,Lacteos,Mayorista,Centro,Activo,0.1861592879963487,1.7203473106614469,0.1111111111111111,969.2165245105489,1046.7912486083055,1130.5345484969698,1046.7912486083055
2026-03-01,SKU-1002,Yogurt Frutado Pack 4,Lacteos,Mayorista,Norte,Activo,0.06481058877225011,1.7203473106614469,0.1111111111111111,337.4287379233783,364.4360583570441,393.59094302560766,364.4360583570441
2026-03-01,SKU-1002,Yogurt Frutado Pack 4,Lacteos,Mayorista,Sur,Activo,0.06840483797352807,1.7203473106614469,0.1111111111111111,356.14177532581925,384.6468608891689,415.41860976030245,384.6468608891689
2026-03-01,SKU-1002,Yogurt Frutado Pack 4,Lacteos,Supermercado,Centro,Activo,0.32804655408489275,1.7203473106614469,0.1111111111111111,1707.9359533973816,1844.636739043137,1992.207678166588,1844.636739043137
2026-03-01,SKU-1002,Yogurt Frutado Pack 4,Lacteos,Supermercado,Norte,Activo,0.1175262437243268,1.7203473106614469,0.1111111111111111,611.8866198258446,660.8611621615413,713.7300551344646,660.8611621615413
2026-03-01,SKU-1002,Yogurt Frutado Pack 4,Lacteos,Supermercado,Sur,Activo,0.1139890460976723,1.7203473106614469,0.1111111111111111,593.470614763125,640.9711660188152,692.2488593003205,640.9711660188152
2026-03-01,SKU-1003,Leche Entera 1L,Lacteos,Ecommerce,Centro,Activo,0.06588128681468056,1.7639887438376745,0.14814814814814814,241.2378809333755,268.5420328771313,290.0253955073019,268.5420328771313
2026-03-01,SKU-1003,Leche Entera 1L,Lacteos,Ecommerce,Norte,Activo,0.03960126869053013,1.7639887438376745,0.14814814814814814,145.00818977700837,161.42072677758787,174.33438491979493,161.42072677758787
2026-03-01,SKU-1003,Leche Entera 1L,Lacteos,Ecommerce,Sur,Activo,0.027276846397825103,1.7639887438376745,0.14814814814814814,99.8797828898845,111.18452805504339,120.07929029944687,111.18452805504339
2026-03-01,SKU-1003,Leche Entera 1L,Lacteos,Mayorista,Centro,Activo,0.18713185319438153,1.7639887438376745,0.14814814814814814,685.2217663375798,762.7775761915767,823.799782286903,762.7775761915767
2026-03-01,SKU-1003,Leche Entera 1L,Lacteos,Mayorista,Norte,Activo,0.06397825101948346,1.7639887438376745,0.14814814814814814,234.26952398756958,260.7849727802678,281.6477706026893,260.7849727802678
2026-03-01,SKU-1003,Leche Entera 1L,Lacteos,Mayorista,Sur,Activo,0.08473040326234708,1.7639887438376745,0.14814814814814814,310.2577973489768,345.37386621749357,373.0037755148931,345.37386621749357
2026-03-01,SKU-1003,Leche Entera 1L,Lacteos,Supermercado,Centro,Activo,0.2902582691436339,1.7639887438376745,0.14814814814814814,1062.8403474960135,1183.1363566787506,1277.787265213051,1183.1363566787506
2026-03-01,SKU-1003,Leche Entera 1L,Lacteos,Supermercado,Norte,Activo,0.1194381513366561,1.7639887438376745,0.14814814814814814,437.34735497962714,486.8478670317182,525.7956963942557,486.8478670317182
2026-03-01,SKU-1003,Leche Entera 1L,Lacteos,Supermercado,Sur,Activo,0.12170367014046217,1.7639887438376745,0.14814814814814814,445.64301801034844,496.08246238512714,535.7690593759373,496.08246238512714
2026-03-01,SKU-1004,Leche Descremada 1L,Lacteos,Ecommerce,Centro,Activo,0.050923066364697,1.7585227272727273,0.0,253.99630063394125,253.99630063394125,274.31600468465655,253.99630063394125
2026-03-01,SKU-1004,Leche Descremada 1L,Lacteos,Ecommerce,Norte,Activo,0.03328529270468739,1.7585227272727273,0.0,166.02184071086458,166.02184071086458,179.30358796773373,166.02184071086458
2026-03-01,SKU-1004,Leche Descremada 1L,Lacteos,Ecommerce,Sur,Activo,0.038638391325235055,1.7585227272727273,0.0,192.72226045405515,192.72226045405515,208.14004129037957,192.72226045405515
2026-03-01,SKU-1004,Leche Descremada 1L,Lacteos,Mayorista,Centro,Activo,0.1694461601811818,1.7585227272727273,0.0,845.1709787940714,845.1709787940714,912.7846570975972,845.1709787940714
2026-03-01,SKU-1004,Leche Descremada 1L,Lacteos,Mayorista,Norte,Activo,0.07192368402992246,1.7585227272727273,0.0,358.74410116491975,358.74410116491975,387.4436292581134,358.74410116491975
2026-03-01,SKU-1004,Leche Descremada 1L,Lacteos,Mayorista,Sur,Activo,0.08139455082012216,1.7585227272727273,0.0,405.98330532594923,405.98330532594923,438.4619697520252,405.98330532594923
2026-03-01,SKU-1004,Leche Descremada 1L,Lacteos,Supermercado,Centro,Activo,0.2793905703108915,1.7585227272727273,0.0,1393.5565227503703,1393.5565227503703,1505.0410445704001,1393.5565227503703
2026-03-01,SKU-1004,Leche Descremada 1L,Lacteos,Supermercado,Norte,Activo,0.14123944821906526,1.7585227272727273,0.0,704.4803055318747,704.4803055318747,760.8387299744248,704.4803055318747
2026-03-01,SKU-1004,Leche Descremada 1L,Lacteos,Supermercado,Sur,Activo,0.1337588360441974,1.7585227272727273,0.0,667.1681805061341,667.1681805061341,720.541634946625,667.1681805061341
2026-03-01,SKU-1005,Queso Untable 250g,Lacteos,Ecommerce,Centro,Activo,0.06922562780483148,1.5603271983640081,0.1111111111111111,239.6149137039865,254.5329974019852,274.895637194144,254.5329974019852
2026-03-01,SKU-1005,Queso Untable 250g,Lacteos,Ecommerce,Norte,Activo,0.02329800439224673,1.5603271983640081,0.1111111111111111,80.64281233623821,85.66351912563363,92.51660065568431,85.66351912563363
2026-03-01,SKU-1005,Queso Untable 250g,Lacteos,Ecommerce,Sur,Activo,0.03255991597441039,1.5603271983640081,0.1111111111111111,112.70163527318536,119.71827877803716,129.29574108028015,119.71827877803716
2026-03-01,SKU-1005,Queso Untable 250g,Lacteos,Mayorista,Centro,Activo,0.14341640408669912,1.5603271983640081,0.1111111111111111,496.41600052881057,527.32215461763,569.5079269870404,527.32215461763
2026-03-01,SKU-1005,Queso Untable 250g,Lacteos,Mayorista,Norte,Activo,0.06120500334192686,1.5603271983640081,0.1111111111111111,211.85263404724873,225.04227770299656,243.0456599192363,225.04227770299656
2026-03-01,SKU-1005,Queso Untable 250g,Lacteos,Mayorista,Sur,Activo,0.07762818676596964,1.5603271983640081,0.1111111111111111,268.69920667771174,285.42803708663996,308.26228005357115,285.42803708663996
2026-03-01,SKU-1005,Queso Untable 250g,Lacteos,Supermercado,Centro,Activo,0.29838632674496324,1.5603271983640081,0.1111111111111111,1032.8229038964935,1097.1249888016603,1184.8949879057932,1097.1249888016603
2026-03-01,SKU-1005,Queso Untable 250g,Lacteos,Supermercado,Norte,Activo,0.17253890957700754,1.5603271983640081,0.1111111111111111,597.2195159491083,634.4015535246721,685.1536778066458,634.4015535246721
2026-03-01,SKU-1005,Queso Untable 250g,Lacteos,Supermercado,Sur,Activo,0.121741621311945,1.5603271983640081,0.1111111111111111,421.39174478976935,447.62699543107743,483.4371550655636,447.62699543107743
2026-03-01,SKU-1006,Manjar 400g,Lacteos,Ecommerce,Centro,Activo,0.049005458994791994,1.7712687161651397,0.1111111111111111,223.33008091387597,242.46869255693179,261.86618796148633,242.46869255693179
2026-03-01,SKU-1006,Manjar 400g,Lacteos,Ecommerce,Norte,Activo,0.021584990901675347,1.7712687161651397,0.1111111111111111,98.36817904529237,106.79799006348853,115.34182926856761,106.79799006348853
2026-03-01,SKU-1006,Manjar 400g,Lacteos,Ecommerce,Sur,Activo,0.02842442115831085,1.7712687161651397,0.1111111111111111,129.53716601022512,140.63805086848924,151.8890949379684,140.63805086848924
2026-03-01,SKU-1006,Manjar 400g,Lacteos,Mayorista,Centro,Activo,0.21214783208884985,1.7712687161651397,0.1111111111111111,966.8105039306206,1049.6628035019032,1133.6358277820555,1049.6628035019032
2026-03-01,SKU-1006,Manjar 400g,Lacteos,Mayorista,Norte,Activo,0.0598607015122043,1.7712687161651397,0.1111111111111111,272.80012444537476,296.1781468621164,319.8723986110857,296.1781468621164
2026-03-01,SKU-1006,Manjar 400g,Lacteos,Mayorista,Sur,Activo,0.06036267804480141,1.7712687161651397,0.1111111111111111,275.08775651619555,298.6618210496394,322.55476673361056,298.6618210496394
2026-03-01,SKU-1006,Manjar 400g,Lacteos,Supermercado,Centro,Activo,0.2994917487607454,1.7712687161651397,0.1111111111111111,1364.8584842534315,1481.8221121309032,1600.3678811013754,1481.8221121309032
2026-03-01,SKU-1006,Manjar 400g,Lacteos,Supermercado,Norte,Activo,0.10993286063876513,1.7712687161651397,0.1111111111111111,500.99142350974483,543.9246470675346,587.4386188329373,543.9246470675346
2026-03-01,SKU-1006,Manjar 400g,Lacteos,Supermercado,Sur,Activo,0.1591893078998557,1.7712687161651397,0.1111111111111111,725.4653204590312,787.6351767182279,850.6459908556861,787.6351767182279
2026-04-01,SKU-1012,Jugo Naranja 1L,Bebidas,Ecommerce,Centro,Activo,0.07110009197424721,1.675392670157068,0.1111111111111111,592.9294310223596,637.4250078704598,688.4190085000967,637.4250078704598
2026-04-01,SKU-1012,Jugo Naranja 1L,Bebidas,Ecommerce,Norte,Activo,0.03495021394009677,1.675392670157068,0.1111111111111111,291.46249871402824,313.3349026314858,338.40169484200476,313.3349026314858
2026-04-01,SKU-1012,Jugo Naranja 1L,Bebidas,Ecommerce,Sur,Activo,0.03027152397328748,1.675392670157068,0.1111111111111111,252.44520769624646,271.3896124622824,293.100781459265,271.3896124622824
2026-04-01,SKU-1012,Jugo Naranja 1L,Bebidas,Mayorista,Centro,Activo,0.13484224417163193,1.675392670157068,0.1111111111111111,1124.4983359996604,1208.8847730816592,1305.5955549281923,1208.8847730816592
2026-04-01,SKU-1012,Jugo Naranja 1L,Bebidas,Mayorista,Norte,Activo,0.10061182868796736,1.675392670157068,0.1111111111111111,839.0384974422141,902.0029920146663,974.1632313758398,902.0029920146663
2026-04-01,SKU-1012,Jugo Naranja 1L,Bebidas,Mayorista,Sur,Activo,0.08149718078937897,1.675392670157068,0.1111111111111111,679.6345221729857,730.636763802023,789.087704906185,730.636763802023
2026-04-01,SKU-1012,Jugo Naranja 1L,Bebidas,Supermercado,Centro,Activo,0.25748790338705163,1.675392670157068,0.1111111111111111,2147.28493045724,2308.424986320523,2493.0989852261655,2308.424986320523
2026-04-01,SKU-1012,Jugo Naranja 1L,Bebidas,Supermercado,Norte,Activo,0.14835845963130323,1.675392670157068,0.1111111111111111,1237.2149544954746,1330.0600557926916,1436.4648602561072,1330.0600557926916
2026-04-01,SKU-1012,Jugo Naranja 1L,Bebidas,Supermercado,Sur,Activo,0.1408805534450354,1.675392670157068,0.1111111111111111,1174.8539850909858,1263.0192928726826,1364.0608363024976,1263.0192928726826
2026-04-01,SKU-1013,Jugo Manzana 1L,Bebidas,Ecommerce,Centro,Activo,0.07113405119990508,1.6965448589199297,0.0,712.4231465398153,712.4231465398153,769.4169982630006,712.4231465398153
2026-04-01,SKU-1013,Jugo Manzana 1L,Bebidas,Ecommerce,Norte,Activo,0.033015929518554775,1.6965448589199297,0.0,330.66178569591926,330.66178569591926,357.1147285515928,330.66178569591926
2026-04-01,SKU-1013,Jugo Manzana 1L,Bebidas,Ecommerce,Sur,Activo,0.033045593426478004,1.6965448589199297,0.0,330.9588762491052,330.9588762491052,357.43558634903354,330.9588762491052
2026-04-01,SKU-1013,Jugo Manzana 1L,Bebidas,Mayorista,Centro,Activo,0.15778232624365934,1.6965448589199297,0.0,1580.224652395862,1580.224652395862,1706.6426245875311,1580.224652395862
2026-04-01,SKU-1013,Jugo Manzana 1L,Bebidas,Mayorista,Norte,Activo,0.09738660971196346,1.6965448589199297,0.0,975.3482861093468,975.3482861093468,1053.3761489980945,975.3482861093468
2026-04-01,SKU-1013,Jugo Manzana 1L,Bebidas,Mayorista,Sur,Activo,0.07923229806294681,1.6965448589199297,0.0,793.528867559569,793.528867559569,857.0111769643345,793.528867559569
2026-04-01,SKU-1013,Jugo Manzana 1L,Bebidas,Supermercado,Centro,Activo,0.2665302126902198,1.6965448589199297,0.0,2669.358620375413,2669.358620375413,2882.9073100054457,2669.358620375413
2026-04-01,SKU-1013,Jugo Manzana 1L,Bebidas,Supermercado,Norte,Activo,0.11939722939099998,1.6965448589199297,0.0,1195.7894765732929,1195.7894765732929,1291.4526346991563,1195.7894765732929
2026-04-01,SKU-1013,Jugo Manzana 1L,Bebidas,Supermercado,Sur,Activo,0.14247574975527275,1.6965448589199297,0.0,1426.9259269519316,1426.9259269519316,1541.0800011080862,1426.9259269519316
2026-04-01,SKU-1014,Agua Saborizada 500ml,Bebidas,Ecommerce,Centro,Activo,0.05939940173264442,1.690721649484536,0.0,489.8590585060713,489.8590585060713,529.0477831865569,489.8590585060713
2026-04-01,SKU-1014,Agua Saborizada 500ml,Bebidas,Ecommerce,Norte,Activo,0.03372052367817878,1.690721649484536,0.0,278.0887264769587,278.0887264769587,300.33582459511535,278.0887264769587
2026-04-01,SKU-1014,Agua Saborizada 500ml,Bebidas,Ecommerce,Sur,Activo,0.03146730896235578,1.690721649484536,0.0,259.5067608828762,259.5067608828762,280.26730175350633,259.5067608828762
2026-04-01,SKU-1014,Agua Saborizada 500ml,Bebidas,Mayorista,Centro,Activo,0.15772503010761044,1.690721649484536,0.0,1300.7375915857747,1300.7375915857747,1404.7965989126365,1300.7375915857747
2026-04-01,SKU-1014,Agua Saborizada 500ml,Bebidas,Mayorista,Norte,Activo,0.0761042694534012,1.690721649484536,0.0,627.6219068759932,627.6219068759932,677.8316594260726,627.6219068759932
2026-04-01,SKU-1014,Agua Saborizada 500ml,Bebidas,Mayorista,Sur,Activo,0.07602657239423488,1.690721649484536,0.0,626.9811494417145,626.9811494417145,677.1396413970516,626.9811494417145
2026-04-01,SKU-1014,Agua Saborizada 500ml,Bebidas,Supermercado,Centro,Activo,0.325239889670176,1.690721649484536,0.0,2682.210619890666,2682.210619890666,2896.7874694819193,2682.210619890666
2026-04-01,SKU-1014,Agua Saborizada 500ml,Bebidas,Supermercado,Norte,Activo,0.1269181461481683,1.690721649484536,0.0,1046.6772688942674,1046.6772688942674,1130.4114504058086,1046.6772688942674
2026-04-01,SKU-1014,Agua Saborizada 500ml,Bebidas,Supermercado,Sur,Activo,0.11339885785323026,1.690721649484536,0.0,935.1854753297724,935.1854753297724,1010.0003133561542,935.1854753297724
2026-04-01,SKU-1015,Bebida Isotonica 600ml,Bebidas,Ecommerce,Centro,Activo,0.055137124130397286,1.6883561643835616,0.0,318.37007261384264,318.37007261384264,343.8396784229501,318.37007261384264
2026-04-01,SKU-1015,Bebida Isotonica 600ml,Bebidas,Ecommerce,Norte,Activo,0.03449663657793365,1.6883561643835616,0.0,199.1887837000058,199.1887837000058,215.1238863960063,199.1887837000058
2026-04-01,SKU-1015,Bebida Isotonica 600ml,Bebidas,Ecommerce,Sur,Activo,0.03489909733800954,1.6883561643835616,0.0,201.51265284317256,201.51265284317256,217.63366507062636,201.51265284317256
2026-04-01,SKU-1015,Bebida Isotonica 600ml,Bebidas,Mayorista,Centro,Activo,0.13965388374633472,1.6883561643835616,0.0,806.3825926788569,806.3825926788569,870.8932000931655,806.3825926788569
2026-04-01,SKU-1015,Bebida Isotonica 600ml,Bebidas,Mayorista,Norte,Activo,0.06646351980681883,1.6883561643835616,0.0,383.7703899286779,383.7703899286779,414.47202112297214,383.7703899286779
2026-04-01,SKU-1015,Bebida Isotonica 600ml,Bebidas,Mayorista,Sur,Activo,0.07543264531708159,1.6883561643835616,0.0,435.55947369067945,435.55947369067945,470.40423158593387,435.55947369067945
2026-04-01,SKU-1015,Bebida Isotonica 600ml,Bebidas,Supermercado,Centro,Activo,0.2770079917208072,1.6883561643835616,0.0,1599.4859331110467,1599.4859331110467,1727.4448077599307,1599.4859331110467
2026-04-01,SKU-1015,Bebida Isotonica 600ml,Bebidas,Supermercado,Norte,Activo,0.17691025125050308,1.6883561643835616,0.0,1021.5064790748633,1021.5064790748633,1103.2269974008525,1021.5064790748633
2026-04-01,SKU-1015,Bebida Isotonica 600ml,Bebidas,Supermercado,Sur,Activo,0.13999885011211408,1.6883561643835616,0.0,808.374480515857,808.374480515857,873.0444389571256,808.374480515857
2026-04-01,SKU-1016,Te Helado 1.5L,Bebidas,Ecommerce,Centro,Activo,0.06215105867481302,1.5667870036101084,0.07407407407407407,189.59399572840235,197.553952227763,213.35826840598403,197.553952227763
2026-04-01,SKU-1016,Te Helado 1.5L,Bebidas,Ecommerce,Norte,Activo,0.03370904877277994,1.5667870036101084,0.07407407407407407,102.83064175099788,107.147906293024,115.71973879646592,107.147906293024
2026-04-01,SKU-1016,Te Helado 1.5L,Bebidas,Ecommerce,Sur,Activo,0.02759928368271358,1.5667870036101084,0.07407407407407407,84.19258793362953,87.7273482774134,94.74553613960647,87.7273482774134
2026-04-01,SKU-1016,Te Helado 1.5L,Bebidas,Mayorista,Centro,Activo,0.15727378068050143,1.5667870036101084,0.07407407407407407,479.7692129194995,499.91195029839014,539.9049063222614,499.91195029839014
2026-04-01,SKU-1016,Te Helado 1.5L,Bebidas,Mayorista,Norte,Activo,0.10312862108922363,1.5667870036101084,0.07407407407407407,314.5974946069591,327.80562581522025,354.0300758804379,327.80562581522025
2026-04-01,SKU-1016,Te Helado 1.5L,Bebidas,Mayorista,Sur,Activo,0.06141367323290846,1.5667870036101084,0.07407407407407407,187.34457544009928,195.2100917776031,210.82689911981134,195.2100917776031
2026-04-01,SKU-1016,Te Helado 1.5L,Bebidas,Supermercado,Centro,Activo,0.29168861266196144,1.5667870036101084,0.07407407407407407,889.8063969016035,927.1642266418233,1001.3373647731692,927.1642266418233
2026-04-01,SKU-1016,Te Helado 1.5L,Bebidas,Supermercado,Norte,Activo,0.11408406194037712,1.5667870036101084,0.07407407407407407,348.0174531760335,362.6286953604531,391.63899098928937,362.6286953604531
2026-04-01,SKU-1016,Te Helado 1.5L,Bebidas,Supermercado,Sur,Activo,0.14895185926472138,1.5667870036101084,0.07407407407407407,454.3828982372219,473.45981093229983,511.3365958068838,473.45981093229983
2026-04-01,SKU-1017,Nectar Durazno 1L,Bebidas,Ecommerce,Centro,Activo,0.06374743871898005,1.6616982440073014,0.0,286.2593586752067,286.2593586752067,309.16010736922334,286.2593586752067
2026-04-01,SKU-1017,Nectar Durazno 1L,Bebidas,Ecommerce,Norte,Activo,0.031797829551491234,1.6616982440073014,0.0,142.78889438679954,142.78889438679954,154.21200593774353,142.78889438679954
2026-04-01,SKU-1017,Nectar Durazno 1L,Bebidas,Ecommerce,Sur,Activo,0.03005236396751916,1.6616982440073014,0.0,134.95084051831174,134.95084051831174,145.7469077597767,134.95084051831174
2026-04-01,SKU-1017,Nectar Durazno 1L,Bebidas,Mayorista,Centro,Activo,0.1561812248615011,1.6616982440073014,0.0,701.3354287542564,701.3354287542564,757.4422630545971,701.3354287542564
2026-04-01,SKU-1017,Nectar Durazno 1L,Bebidas,Mayorista,Norte,Activo,0.07581391819078698,1.6616982440073014,0.0,340.4441658530137,340.4441658530137,367.6796991212548,340.4441658530137
2026-04-01,SKU-1017,Nectar Durazno 1L,Bebidas,Mayorista,Sur,Activo,0.07315777491082948,1.6616982440073014,0.0,328.5166925748801,328.5166925748801,354.79802798087053,328.5166925748801
2026-04-01,SKU-1017,Nectar Durazno 1L,Bebidas,Supermercado,Centro,Activo,0.3053046975791151,1.6616982440073014,0.0,1370.9778570837577,1370.9778570837577,1480.6560856504586,1370.9778570837577
2026-04-01,SKU-1017,Nectar Durazno 1L,Bebidas,Supermercado,Norte,Activo,0.11861576990210215,1.6616982440073014,0.0,532.6468781063668,532.6468781063668,575.2586283548762,532.6468781063668
2026-04-01,SKU-1017,Nectar Durazno 1L,Bebidas,Supermercado,Sur,Activo,0.14532898231767474,1.6616982440073014,0.0,652.6031807893106,652.6031807893106,704.8114352524556,652.6031807893106
2026-04-01,SKU-1018,Arroz Grano Largo 1kg,Despensa,Ecommerce,Centro,Activo,0.05080891243019172,1.7129528844658684,0.0,577.4599062859506,577.4599062859506,623.6566987888267,577.4599062859506
2026-04-01,SKU-1018,Arroz Grano Largo 1kg,Despensa,Ecommerce,Norte,Activo,0.03497610685704416,1.7129528844658684,0.0,397.514892995711,397.514892995711,429.31608443536794,397.514892995711
2026-04-01,SKU-1018,Arroz Grano Largo 1kg,Despensa,Ecommerce,Sur,Activo,0.03491853301859635,1.7129528844658684,0.0,396.86054749283744,396.86054749283744,428.6093912922645,396.86054749283744
2026-04-01,SKU-1018,Arroz Grano Largo 1kg,Despensa,Mayorista,Centro,Activo,0.17226092463584547,1.7129528844658684,0.0,1957.8017445978066,1957.8017445978066,2114.4258841656315,1957.8017445978066
2026-04-01,SKU-1018,Arroz Grano Largo 1kg,Despensa,Mayorista,Norte,Activo,0.06436755138465082,1.7129528844658684,0.0,731.5582722126832,731.5582722126832,790.0829339896978,731.5582722126832
2026-04-01,SKU-1018,Arroz Grano Largo 1kg,Despensa,Mayorista,Sur,Activo,0.07631412286257125,1.7129528844658684,0.0,867.3349640589547,867.3349640589547,936.7217611836712,867.3349640589547
2026-04-01,SKU-1018,Arroz Grano Largo 1kg,Despensa,Supermercado,Centro,Activo,0.30240658644711843,1.7129528844658684,0.0,3436.9497538435758,3436.9497538435758,3711.9057341510625,3436.9497538435758
2026-04-01,SKU-1018,Arroz Grano Largo 1kg,Despensa,Supermercado,Norte,Activo,0.1365363578789798,1.7129528844658684,0.0,1551.780360064739,1551.780360064739,1675.9227888699181,1551.780360064739
2026-04-01,SKU-1018,Arroz Grano Largo 1kg,Despensa,Supermercado,Sur,Activo,0.127410904485002,1.7129528844658684,0.0,1448.0665978592733,1448.0665978592733,1563.9119256880153,1448.0665978592733
2026-04-01,SKU-1019,Fideos Spaghetti 400g,Despensa,Ecommerce,Centro,Activo,0.07222725899063161,1.8031651182739419,0.0,262.3015379922494,262.3015379922494,283.28566103162933,262.3015379922494
2026-04-01,SKU-1019,Fideos Spaghetti 400g,Despensa,Ecommerce,Norte,Activo,0.03042208119270676,1.8031651182739419,0.0,110.4812614695388,110.4812614695388,119.31976238710192,110.4812614695388
2026-04-01,SKU-1019,Fideos Spaghetti 400g,Despensa,Ecommerce,Sur,Activo,0.031530170242772236,1.8031651182739419,0.0,114.50541337736968,114.50541337736968,123.66584644755926,114.50541337736968
2026-04-01,SKU-1019,Fideos Spaghetti 400g,Despensa,Mayorista,Centro,Activo,0.17195527349652462,1.8031651182739419,0.0,624.4752096970288,624.4752096970288,674.4332264727913,624.4752096970288
2026-04-01,SKU-1019,Fideos Spaghetti 400g,Despensa,Mayorista,Norte,Activo,0.07313387730432155,1.8031651182739419,0.0,265.5940259168383,265.5940259168383,286.8415479901854,265.5940259168383
2026-04-01,SKU-1019,Fideos Spaghetti 400g,Despensa,Mayorista,Sur,Activo,0.07252946509519492,1.8031651182739419,0.0,263.39903396711236,263.39903396711236,284.4709566844814,263.39903396711236
2026-04-01,SKU-1019,Fideos Spaghetti 400g,Despensa,Supermercado,Centro,Activo,0.2714818172660421,1.8031651182739419,0.0,985.9172174185663,985.9172174185663,1064.7905948120517,985.9172174185663
2026-04-01,SKU-1019,Fideos Spaghetti 400g,Despensa,Supermercado,Norte,Activo,0.14163392767200564,1.8031651182739419,0.0,514.359780219111,514.359780219111,555.50856263664,514.359780219111
2026-04-01,SKU-1019,Fideos Spaghetti 400g,Despensa,Supermercado,Sur,Activo,0.13508612873980055,1.8031651182739419,0.0,490.5807007637468,490.5807007637468,529.8271568248466,490.5807007637468
2026-04-01,SKU-1020,Aceite Vegetal 900ml,Despensa,Ecommerce,Centro,Activo,0.0728048887459431,1.72162451140297,0.0,896.2846388590699,896.2846388590699,967.9874099677957,896.2846388590699
2026-04-01,SKU-1020,Aceite Vegetal 900ml,Despensa,Ecommerce,Norte,Activo,0.03026227303295225,1.72162451140297,0.0,372.5520486823845,372.5520486823845,402.3562125769753,372.5520486823845
2026-04-01,SKU-1020,Aceite Vegetal 900ml,Despensa,Ecommerce,Sur,Activo,0.034940498815824096,1.72162451140297,0.0,430.14463591830867,430.14463591830867,464.5562067917734,430.14463591830867
2026-04-01,SKU-1020,Aceite Vegetal 900ml,Despensa,Mayorista,Centro,Activo,0.20783018040408174,1.72162451140297,0.0,2558.5506879559316,2558.5506879559316,2763.234742992406,2558.5506879559316
2026-04-01,SKU-1020,Aceite Vegetal 900ml,Despensa,Mayorista,Norte,Activo,0.07485161252594953,1.72162451140297,0.0,921.4813957747868,921.4813957747868,995.1999074367699,921.4813957747868
2026-04-01,SKU-1020,Aceite Vegetal 900ml,Despensa,Mayorista,Sur,Activo,0.07803865384053098,1.72162451140297,0.0,960.7163458292601,960.7163458292601,1037.573653495601,960.7163458292601
2026-04-01,SKU-1020,Aceite Vegetal 900ml,Despensa,Supermercado,Centro,Activo,0.23478845647788077,1.72162451140297,0.0,2890.4279719029446,2890.4279719029446,3121.6622096551805,2890.4279719029446
2026-04-01,SKU-1020,Aceite Vegetal 900ml,Despensa,Supermercado,Norte,Activo,0.14335838133387913,1.72162451140297,0.0,1764.8528451108514,1764.8528451108514,1906.0410727197198,1764.8528451108514
2026-04-01,SKU-1020,Aceite Vegetal 900ml,Despensa,Supermercado,Sur,Activo,0.1231250548229584,1.72162451140297,0.0,1515.7649053154794,1515.7649053154794,1637.026097740718,1515.7649053154794
2026-04-01,SKU-1021,Azucar 1kg,Despensa,Ecommerce,Centro,Pausado,0.06529916244545865,2.4424173318129987,0.0,0.0,0.0,0.0,0.0
2026-04-01,SKU-1021,Azucar 1kg,Despensa,Ecommerce,Norte,Pausado,0.044987210993530265,2.4424173318129987,0.0,0.0,0.0,0.0,0.0
2026-04-01,SKU-1021,Azucar 1kg,Despensa,Ecommerce,Sur,Pausado,0.0312954511259341,2.4424173318129987,0.0,0.0,0.0,0.0,0.0
2026-04-01,SKU-1021,Azucar 1kg,Despensa,Mayorista,Centro,Pausado,0.13872310547168865,2.4424173318129987,0.0,0.0,0.0,0.0,0.0
2026-04-01,SKU-1021,Azucar 1kg,Despensa,Mayorista,Norte,Pausado,0.08310346556998846,2.4424173318129987,0.0,0.0,0.0,0.0,0.0
2026-04-01,SKU-1021,Azucar 1kg,Despensa,Mayorista,Sur,Pausado,0.07141782436431116,2.4424173318129987,0.0,0.0,0.0,0.0,0.0
2026-04-01,SKU-1021,Azucar 1kg,Despensa,Supermercado,Centro,Pausado,0.30337529464867846,2.4424173318129987,0.0,0.0,0.0,0.0,0.0
2026-04-01,SKU-1021,Azucar 1kg,Despensa,Supermercado,Norte,Pausado,0.12663624053362757,2.4424173318129987,0.0,0.0,0.0,0.0,0.0
2026-04-01,SKU-1021,Azucar 1kg,Despensa,Supermercado,Sur,Pausado,0.1351622448467827,2.4424173318129987,0.0,0.0,0.0,0.0,0.0
2026-04-01,SKU-1022,Harina 1kg,Despensa,Ecommerce,Centro,Activo,0.06304129937549793,1.733144863107313,0.0,808.4203341190905,808.4203341190905,873.0939608486178,808.4203341190905
2026-04-01,SKU-1022,Harina 1kg,Despensa,Ecommerce,Norte,Activo,0.027627149135205982,1.733144863107313,0.0,354.28123081044527,354.28123081044527,382.62372927528094,354.28123081044527
2026-04-01,SKU-1022,Harina 1kg,Despensa,Ecommerce,Sur,Activo,0.03651923620570019,1.733144863107313,0.0,468.3103525410631,468.3103525410631,505.7751807443481,468.3103525410631
2026-04-01,SKU-1022,Harina 1kg,Despensa,Mayorista,Centro,Activo,0.16265323430392434,1.733144863107313,0.0,2085.8101486505193,2085.8101486505193,2252.6749605425607,2085.8101486505193
2026-04-01,SKU-1022,Harina 1kg,Despensa,Mayorista,Norte,Activo,0.06301559970188379,1.733144863107313,0.0,808.090770183453,808.090770183453,872.7380317981292,808.090770183453
2026-04-01,SKU-1022,Harina 1kg,Despensa,Mayorista,Sur,Activo,0.07776721235640308,1.733144863107313,0.0,997.2604692394489,997.2604692394489,1077.0413067786048,997.2604692394489
2026-04-01,SKU-1022,Harina 1kg,Despensa,Supermercado,Centro,Activo,0.2804605381511655,1.733144863107313,0.0,3596.531229613386,3596.531229613386,3884.253727982457,3596.531229613386
2026-04-01,SKU-1022,Harina 1kg,Despensa,Supermercado,Norte,Activo,0.1492380046773406,1.733144863107313,0.0,1913.77777424768,1913.77777424768,2066.8799961874943,1913.77777424768
2026-04-01,SKU-1022,Harina 1kg,Despensa,Supermercado,Sur,Activo,0.13967772609287862,1.733144863107313,0.0,1791.179990190484,1791.179990190484,1934.4743894057226,1791.179990190484
2026-04-01,SKU-1023,Salsa Tomate 200g,Despensa,Ecommerce,Centro,Activo,0.06225812316563206,1.5941085046692045,0.0,779.5303736904541,779.5303736904541,841.8928035856904,779.5303736904541
2026-04-01,SKU-1023,Salsa Tomate 200g,Despensa,Ecommerce,Norte,Activo,0.02779148593543025,1.5941085046692045,0.0,347.97559443003166,347.97559443003166,375.8136419844342,347.97559443003166
2026-04-01,SKU-1023,Salsa Tomate 200g,Despensa,Ecommerce,Sur,Activo,0.02745383236799044,1.5941085046692045,0.0,343.74785356312475,343.74785356312475,371.24768184817475,343.74785356312475
2026-04-01,SKU-1023,Salsa Tomate 200g,Despensa,Mayorista,Centro,Activo,0.15480117399548063,1.5941085046692045,0.0,1938.256582058868,1938.256582058868,2093.3171086235775,1938.256582058868
2026-04-01,SKU-1023,Salsa Tomate 200g,Despensa,Mayorista,Norte,Activo,0.0852964858055635,1.5941085046692045,0.0,1067.992385147873,1067.992385147873,1153.431775959703,1067.992385147873
2026-04-01,SKU-1023,Salsa Tomate 200g,Despensa,Mayorista,Sur,Activo,0.06979039505467391,1.5941085046692045,0.0,873.8415161060702,873.8415161060702,943.7488373945558,873.8415161060702
2026-04-01,SKU-1023,Salsa Tomate 200g,Despensa,Supermercado,Centro,Activo,0.3226149970130646,1.5941085046692045,0.0,4039.443792911611,4039.443792911611,4362.59929634454,4039.443792911611
2026-04-01,SKU-1023,Salsa Tomate 200g,Despensa,Supermercado,Norte,Activo,0.11446455936209449,1.5941085046692045,0.0,1433.204153881448,1433.204153881448,1547.8604861919641,1433.204153881448
2026-04-01,SKU-1023,Salsa Tomate 200g,Despensa,Supermercado,Sur,Activo,0.13552894730007012,1.5941085046692045,0.0,1696.950141809257,1696.950141809257,1832.7061531539978,1696.950141809257
2026-04-01,SKU-1024,Atun Lomitos 160g,Despensa,Ecommerce,Centro,Activo,0.07341935483870968,1.7532984293193716,0.0,833.4445713310337,833.4445713310337,900.1201370375164,833.4445713310337
2026-04-01,SKU-1024,Atun Lomitos 160g,Despensa,Ecommerce,Norte,Activo,0.04525806451612903,1.7532984293193716,0.0,513.7621852273462,513.7621852273462,554.8631600455341,513.7621852273462
2026-04-01,SKU-1024,Atun Lomitos 160g,Despensa,Ecommerce,Sur,Activo,0.038387096774193545,1.7532984293193716,0.0,435.76407727764933,435.76407727764933,470.6252034598614,435.76407727764933
2026-04-01,SKU-1024,Atun Lomitos 160g,Despensa,Mayorista,Centro,Activo,0.1647741935483871,1.7532984293193716,0.0,1870.4898375917926,1870.4898375917926,2020.1290245991363,1870.4898375917926
2026-04-01,SKU-1024,Atun Lomitos 160g,Despensa,Mayorista,Norte,Activo,0.0717741935483871,1.7532984293193716,0.0,814.7689680191344,814.7689680191344,879.9504854606653,814.7689680191344
2026-04-01,SKU-1024,Atun Lomitos 160g,Despensa,Mayorista,Sur,Activo,0.07432258064516128,1.7532984293193716,0.0,843.6978437375665,843.6978437375665,911.193671236572,843.6978437375665
2026-04-01,SKU-1024,Atun Lomitos 160g,Despensa,Supermercado,Centro,Activo,0.2689354838709677,1.7532984293193716,0.0,3052.9118590451785,3052.9118590451785,3297.1448077687933,3052.9118590451785
2026-04-01,SKU-1024,Atun Lomitos 160g,Despensa,Supermercado,Norte,Activo,0.12416129032258065,1.7532984293193716,0.0,1409.4587675980442,1409.4587675980442,1522.2154690058878,1409.4587675980442
2026-04-01,SKU-1024,Atun Lomitos 160g,Despensa,Supermercado,Sur,Activo,0.13896774193548386,1.7532984293193716,0.0,1577.5391974051374,1577.5391974051374,1703.7423331975485,1577.5391974051374
2026-04-01,SKU-1025,Legumbres Mix 500g,Despensa,Ecommerce,Centro,Activo,0.0705359232389422,1.7396449704142012,0.1111111111111111,499.15769665886245,540.1798610785586,583.3942499648433,540.1798610785586
2026-04-01,SKU-1025,Legumbres Mix 500g,Despensa,Ecommerce,Norte,Activo,0.035057336765738356,1.7396449704142012,0.1111111111111111,248.0883309870524,268.4769183462776,289.9550718139798,268.4769183462776
2026-04-01,SKU-1025,Legumbres Mix 500g,Despensa,Ecommerce,Sur,Activo,0.03384039316639363,1.7396449704142012,0.1111111111111111,239.47645300886361,259.15729234226797,279.8898757296494,259.15729234226797
2026-04-01,SKU-1025,Legumbres Mix 500g,Despensa,Mayorista,Centro,Activo,0.14313128949216009,1.7396449704142012,0.1111111111111111,1012.8893406654289,1096.1313969331336,1183.8219086877843,1096.1313969331336
2026-04-01,SKU-1025,Legumbres Mix 500g,Despensa,Mayorista,Norte,Activo,0.07413994851392465,1.7396449704142012,0.1111111111111111,524.6621045173445,567.7802919365872,613.2027152915142,567.7802919365872
2026-04-01,SKU-1025,Legumbres Mix 500g,Despensa,Mayorista,Sur,Activo,0.06810203604025275,1.7396449704142012,0.1111111111111111,481.93394070248496,521.5406090705393,563.2638577961825,521.5406090705393
2026-04-01,SKU-1025,Legumbres Mix 500g,Despensa,Supermercado,Centro,Activo,0.2763398080973555,1.7396449704142012,0.1111111111111111,1955.5587532010109,2116.271997218188,2285.5737569956436,2116.271997218188
2026-04-01,SKU-1025,Legumbres Mix 500g,Despensa,Supermercado,Norte,Activo,0.17701848818160543,1.7396449704142012,0.1111111111111111,1252.6970197503767,1355.6471364294018,1464.098907343754,1355.6471364294018
2026-04-01,SKU-1025,Legumbres Mix 500g,Despensa,Supermercado,Sur,Activo,0.12183477650362742,1.7396449704142012,0.1111111111111111,862.1814760471259,933.0379418629648,1007.6809772120021,933.0379418629648
2026-04-01,SKU-1007,Galleta Avena 180g,Galletas,Ecommerce,Centro,Activo,0.0755061606092502,1.8868673503142575,0.14814814814814814,803.9241347602044,909.5499225007176,982.3139163007751,909.5499225007176
2026-04-01,SKU-1007,Galleta Avena 180g,Galletas,Ecommerce,Norte,Activo,0.02399232245681382,1.8868673503142575,0.14814814814814814,255.44944831453813,289.01237799838304,312.1333682382537,289.01237799838304
2026-04-01,SKU-1007,Galleta Avena 180g,Galletas,Ecommerce,Sur,Activo,0.03488948052752151,1.8868673503142575,0.14814814814814814,371.47293967804444,420.2799354892615,453.90233032840246,420.2799354892615
2026-04-01,SKU-1007,Galleta Avena 180g,Galletas,Mayorista,Centro,Activo,0.11742306977896105,1.8868673503142575,0.14814814814814814,1250.2190418800556,1414.482515803699,1527.641117067995,1414.482515803699
2026-04-01,SKU-1007,Galleta Avena 180g,Galletas,Mayorista,Norte,Activo,0.0917590242090273,1.8868673503142575,0.14814814814814814,976.9705352313432,1105.3325011447837,1193.7591012363664,1105.3325011447837
2026-04-01,SKU-1007,Galleta Avena 180g,Galletas,Mayorista,Sur,Activo,0.06990279239675562,1.8868673503142575,0.14814814814814814,744.2643281215834,842.0515477681921,909.4156715896476,842.0515477681921
2026-04-01,SKU-1007,Galleta Avena 180g,Galletas,Supermercado,Centro,Activo,0.3487400160980744,1.8868673503142575,0.14814814814814814,3713.081335823577,4200.934758905529,4537.009539617971,4200.934758905529
2026-04-01,SKU-1007,Galleta Avena 180g,Galletas,Supermercado,Norte,Activo,0.11383196086929602,1.8868673503142575,0.14814814814814814,1211.9840276807183,1371.223888903296,1480.9218000155597,1371.223888903296
2026-04-01,SKU-1007,Galleta Avena 180g,Galletas,Supermercado,Sur,Activo,0.12395517305430004,1.8868673503142575,0.14814814814814814,1319.7672142598847,1493.1684664587426,1612.6219437754423,1493.1684664587426
2026-04-01,SKU-1008,Galleta Chocolate 200g,Galletas,Ecommerce,Centro,Activo,0.06774481090029288,1.8100584222042841,0.0,852.8093983190306,852.8093983190306,921.0341501845531,852.8093983190306
2026-04-01,SKU-1008,Galleta Chocolate 200g,Galletas,Ecommerce,Norte,Activo,0.032089647268559784,1.8100584222042841,0.0,403.96234657217235,403.96234657217235,436.27933429794615,403.96234657217235
2026-04-01,SKU-1008,Galleta Chocolate 200g,Galletas,Ecommerce,Sur,Activo,0.036164523112186424,1.8100584222042841,0.0,455.259152486099,455.259152486099,491.679884684987,455.259152486099
2026-04-01,SKU-1008,Galleta Chocolate 200g,Galletas,Mayorista,Centro,Activo,0.17219533936075385,1.8100584222042841,0.0,2167.6908061596037,2167.6908061596037,2341.1060706523717,2167.6908061596037
2026-04-01,SKU-1008,Galleta Chocolate 200g,Galletas,Mayorista,Norte,Activo,0.0704507831402012,1.8100584222042841,0.0,886.8736834962476,886.8736834962476,957.8235781759474,886.8736834962476
2026-04-01,SKU-1008,Galleta Chocolate 200g,Galletas,Mayorista,Sur,Activo,0.07334776518527951,1.8100584222042841,0.0,923.3425064506797,923.3425064506797,997.2099069667341,923.3425064506797
2026-04-01,SKU-1008,Galleta Chocolate 200g,Galletas,Supermercado,Centro,Activo,0.2787151407105565,1.8100584222042841,0.0,3508.6213732533424,3508.6213732533424,3789.31108311361,3508.6213732533424
2026-04-01,SKU-1008,Galleta Chocolate 200g,Galletas,Supermercado,Norte,Activo,0.12765821978861583,1.8100584222042841,0.0,1607.0327477722335,1607.0327477722335,1735.5953675940123,1607.0327477722335
2026-04-01,SKU-1008,Galleta Chocolate 200g,Galletas,Supermercado,Sur,Activo,0.14163377053355405,1.8100584222042841,0.0,1782.9647618051538,1782.9647618051538,1925.601942749566,1782.9647618051538
2026-04-01,SKU-1009,Galleta Salada 150g,Galletas,Ecommerce,Centro,Activo,0.06332904310367471,1.7821671358843614,0.0,768.4689978769403,768.4689978769403,829.9465177070955,768.4689978769403
2026-04-01,SKU-1009,Galleta Salada 150g,Galletas,Ecommerce,Norte,Activo,0.03128365422500066,1.7821671358843614,0.0,379.6128479765392,379.6128479765392,409.9818758146623,379.6128479765392
2026-04-01,SKU-1009,Galleta Salada 150g,Galletas,Ecommerce,Sur,Activo,0.028420582595676498,1.7821671358843614,0.0,344.870782124782,344.870782124782,372.4604446947646,344.870782124782
2026-04-01,SKU-1009,Galleta Salada 150g,Galletas,Mayorista,Centro,Activo,0.1603845446665441,1.7821671358843614,0.0,1946.193156796598,1946.193156796598,2101.8886093403257,1946.193156796598
2026-04-01,SKU-1009,Galleta Salada 150g,Galletas,Mayorista,Norte,Activo,0.09009482283102624,1.7821671358843614,0.0,1093.259503408505,1093.259503408505,1180.7202636811853,1093.259503408505
2026-04-01,SKU-1009,Galleta Salada 150g,Galletas,Mayorista,Sur,Activo,0.07593706495757926,1.7821671358843614,0.0,921.4615814443114,921.4615814443114,995.1785079598562,921.4615814443114
2026-04-01,SKU-1009,Galleta Salada 150g,Galletas,Supermercado,Centro,Activo,0.2876467652543931,1.7821671358843614,0.0,3490.4620471797484,3490.4620471797484,3769.6990109541284,3490.4620471797484
2026-04-01,SKU-1009,Galleta Salada 150g,Galletas,Supermercado,Norte,Activo,0.12883822331958708,1.7821671358843614,0.0,1563.3929633290718,1563.3929633290718,1688.4644003953977,1563.3929633290718
2026-04-01,SKU-1009,Galleta Salada 150g,Galletas,Supermercado,Sur,Activo,0.13406529904651834,1.7821671358843614,0.0,1626.821138599711,1626.821138599711,1756.966829687688,1626.821138599711
2026-04-01,SKU-1010,Barra Cereal Pack 6,Galletas,Ecommerce,Centro,Activo,0.08729395604395604,1.6293423816448538,0.07407407407407407,759.6368465297267,795.0495622467788,858.6535272265213,795.0495622467788
2026-04-01,SKU-1010,Barra Cereal Pack 6,Galletas,Ecommerce,Norte,Activo,0.031043956043956045,1.6293423816448538,0.07407407407407407,270.1462270900366,282.73989153071915,305.35908285317674,282.73989153071915
2026-04-01,SKU-1010,Barra Cereal Pack 6,Galletas,Ecommerce,Sur,Activo,0.03207417582417582,1.6293423816448538,0.07407407407407407,279.11125675010413,292.1228525328448,315.4926807354724,292.1228525328448
2026-04-01,SKU-1010,Barra Cereal Pack 6,Galletas,Mayorista,Centro,Activo,0.18025412087912088,1.6293423816448538,0.07407407407407407,1568.581356189825,1641.7054100052487,1773.041842805669,1641.7054100052487
2026-04-01,SKU-1010,Barra Cereal Pack 6,Galletas,Mayorista,Norte,Activo,0.06720467032967033,1.6293423816448538,0.07407407407407407,584.8187681584087,612.0818227053289,661.0483685217554,612.0818227053289
2026-04-01,SKU-1010,Barra Cereal Pack 6,Galletas,Mayorista,Sur,Activo,0.08605769230769231,1.6293423816448538,0.07407407407407407,748.8788109376455,783.7900090442281,846.4932097677665,783.7900090442281
2026-04-01,SKU-1010,Barra Cereal Pack 6,Galletas,Supermercado,Centro,Activo,0.26095467032967035,1.6293423816448538,0.07407407407407407,2270.8420128951193,2376.7040218384236,2566.840343585498,2376.7040218384236
2026-04-01,SKU-1010,Barra Cereal Pack 6,Galletas,Supermercado,Norte,Activo,0.12208104395604395,1.6293423816448538,0.07407407407407407,1062.3560147180087,1111.8808787518878,1200.831349052039,1111.8808787518878
2026-04-01,SKU-1010,Barra Cereal Pack 6,Galletas,Supermercado,Sur,Activo,0.13303571428571428,1.6293423816448538,0.07407407407407407,1157.6841634367274,1211.6530307411572,1308.5852732004498,1211.6530307411572
2026-04-01,SKU-1011,Snack Mix 120g,Galletas,Ecommerce,Centro,Activo,0.05873432119048371,1.7718032524313152,0.14814814814814814,609.1108412498199,678.7573195265288,733.0579050886513,678.7573195265288
2026-04-01,SKU-1011,Snack Mix 120g,Galletas,Ecommerce,Norte,Activo,0.029477741619538086,1.7718032524313152,0.14814814814814814,305.7022134943959,340.6565783314962,367.9091045980159,340.6565783314962
2026-04-01,SKU-1011,Snack Mix 120g,Galletas,Ecommerce,Sur,Activo,0.035607089823386305,1.7718032524313152,0.14814814814814814,369.2673039744739,411.4897789706283,444.4089612882786,411.4897789706283
2026-04-01,SKU-1011,Snack Mix 120g,Galletas,Mayorista,Centro,Activo,0.16836750813560394,1.7718032524313152,0.14814814814814814,1746.0740575687416,1945.7223000305933,2101.380084033041,1945.7223000305933
2026-04-01,SKU-1011,Snack Mix 120g,Galletas,Mayorista,Norte,Activo,0.0882120628100218,1.7718032524313152,0.14814814814814814,914.8130547442157,1019.413897858025,1100.967009686667,1019.413897858025
2026-04-01,SKU-1011,Snack Mix 120g,Galletas,Mayorista,Sur,Activo,0.06571672301033142,1.7718032524313152,0.14814814814814814,681.522619580218,759.4487491205917,820.2046490502391,759.4487491205917
2026-04-01,SKU-1011,Snack Mix 120g,Galletas,Supermercado,Centro,Activo,0.3291523174623235,1.7718032524313152,0.14814814814814814,3413.510889801304,3803.8158982395794,4108.121170098746,3803.8158982395794
2026-04-01,SKU-1011,Snack Mix 120g,Galletas,Supermercado,Norte,Activo,0.09933335439638558,1.7718032524313152,0.14814814814814814,1030.147651903945,1147.9359938630482,1239.7708733720922,1147.9359938630482
2026-04-01,SKU-1011,Snack Mix 120g,Galletas,Supermercado,Sur,Activo,0.1253988815519257,1.7718032524313152,0.14814814814814814,1300.4631139970604,1449.1596563748215,1565.0924288848073,1449.1596563748215
2026-04-01,SKU-1001,Yogurt Natural 1L,Lacteos,Ecommerce,Centro,Activo,0.06590216635079049,1.9050386657544744,0.0,866.6873637501322,866.6873637501322,936.0223528501429,866.6873637501322
2026-04-01,SKU-1001,Yogurt Natural 1L,Lacteos,Ecommerce,Norte,Activo,0.027349279082599622,1.9050386657544744,0.0,359.6736784401714,359.6736784401714,388.44757271538515,359.6736784401714
2026-04-01,SKU-1001,Yogurt Natural 1L,Lacteos,Ecommerce,Sur,Activo,0.028476837079864693,1.9050386657544744,0.0,374.50233009516086,374.50233009516086,404.4625165027738,374.50233009516086
2026-04-01,SKU-1001,Yogurt Natural 1L,Lacteos,Mayorista,Centro,Activo,0.18700669337619652,1.9050386657544744,0.0,2459.3476521413468,2459.3476521413468,2656.095464312655,2459.3476521413468
2026-04-01,SKU-1001,Yogurt Natural 1L,Lacteos,Mayorista,Norte,Activo,0.06645395005157978,1.9050386657544744,0.0,873.943937964276,873.943937964276,943.8594530014182,873.943937964276
2026-04-01,SKU-1001,Yogurt Natural 1L,Lacteos,Mayorista,Sur,Activo,0.07465873377635966,1.9050386657544744,0.0,981.8460414963273,981.8460414963273,1060.3937248160337,981.8460414963273
2026-04-01,SKU-1001,Yogurt Natural 1L,Lacteos,Supermercado,Centro,Activo,0.2807379507233165,1.9050386657544744,0.0,3692.018758865689,3692.018758865689,3987.3802595749444,3692.018758865689
2026-04-01,SKU-1001,Yogurt Natural 1L,Lacteos,Supermercado,Norte,Activo,0.13393949571767866,1.9050386657544744,0.0,1761.4545146767339,1761.4545146767339,1902.3708758508726,1761.4545146767339
2026-04-01,SKU-1001,Yogurt Natural 1L,Lacteos,Supermercado,Sur,Activo,0.1354748938416141,1.9050386657544744,0.0,1781.646721185656,1781.646721185656,1924.1784588805087,1781.646721185656
2026-04-01,SKU-1002,Yogurt Frutado Pack 4,Lacteos,Ecommerce,Centro,Activo,0.06518859373910618,1.7203473106614469,0.1111111111111111,279.6811488288422,302.0664336512378,326.23174834333685,302.0664336512378
2026-04-01,SKU-1002,Yogurt Frutado Pack 4,Lacteos,Ecommerce,Norte,Activo,0.027957888865648747,1.7203473106614469,0.1111111111111111,119.94881356188847,129.54934748037044,139.91329527880006,129.54934748037044
2026-04-01,SKU-1002,Yogurt Frutado Pack 4,Lacteos,Ecommerce,Sur,Activo,0.03339608171233354,1.7203473106614469,0.1111111111111111,143.28050298290418,154.7484724266769,167.12835022081106,154.7484724266769
2026-04-01,SKU-1002,Yogurt Frutado Pack 4,Lacteos,Mayorista,Centro,Activo,0.15756815171163635,1.7203473106614469,0.1111111111111111,676.020744762763,730.128492034008,788.5387713967286,730.128492034008
2026-04-01,SKU-1002,Yogurt Frutado Pack 4,Lacteos,Mayorista,Norte,Activo,0.06511887331799485,1.7203473106614469,0.1111111111111111,279.3820246054959,301.743367946798,325.8828373825419,301.743367946798
2026-04-01,SKU-1002,Yogurt Frutado Pack 4,Lacteos,Mayorista,Sur,Activo,0.08784773060029283,1.7203473106614469,0.1111111111111111,376.89652141640767,407.06278759418143,439.62781060171596,407.06278759418143
2026-04-01,SKU-1002,Yogurt Frutado Pack 4,Lacteos,Supermercado,Centro,Activo,0.3350763438611169,1.7203473106614469,0.1111111111111111,1437.5910174025835,1552.6537755378063,1676.8660775808307,1552.6537755378063
2026-04-01,SKU-1002,Yogurt Frutado Pack 4,Lacteos,Supermercado,Norte,Activo,0.10520811545701736,1.7203473106614469,0.1111111111111111,451.37845302965013,487.5061479996982,526.5066398396741,487.5061479996982
2026-04-01,SKU-1002,Yogurt Frutado Pack 4,Lacteos,Supermercado,Sur,Activo,0.12263822073485324,1.7203473106614469,0.1111111111111111,526.159508866239,568.2725741096549,613.7343800384273,568.2725741096549
2026-04-01,SKU-1003,Leche Entera 1L,Lacteos,Ecommerce,Centro,Activo,0.07239474185559154,1.7639887438376745,0.0,268.29388349585884,268.29388349585884,289.75739417552757,268.29388349585884
2026-04-01,SKU-1003,Leche Entera 1L,Lacteos,Ecommerce,Norte,Activo,0.02448085349590398,1.7639887438376745,0.0,90.72569481373122,90.72569481373122,97.98375039882971,90.72569481373122
2026-04-01,SKU-1003,Leche Entera 1L,Lacteos,Ecommerce,Sur,Activo,0.03295865879215089,1.7639887438376745,0.0,122.14432064416734,122.14432064416734,131.9158662957007,122.14432064416734
2026-04-01,SKU-1003,Leche Entera 1L,Lacteos,Mayorista,Centro,Activo,0.15088588302533815,1.7639887438376745,0.0,559.180936128211,559.180936128211,603.9154110184679,559.180936128211
2026-04-01,SKU-1003,Leche Entera 1L,Lacteos,Mayorista,Norte,Activo,0.06991807963421603,1.7639887438376745,0.0,259.1154085341584,259.1154085341584,279.8446412168911,259.1154085341584
2026-04-01,SKU-1003,Leche Entera 1L,Lacteos,Mayorista,Sur,Activo,0.09116022099447514,1.7639887438376745,0.0,337.83848224412753,337.83848224412753,364.86556082365775,337.83848224412753
2026-04-01,SKU-1003,Leche Entera 1L,Lacteos,Supermercado,Centro,Activo,0.2991045913507335,1.7639887438376745,0.0,1108.4773607592062,1108.4773607592062,1197.1555496199428,1108.4773607592062
2026-04-01,SKU-1003,Leche Entera 1L,Lacteos,Supermercado,Norte,Activo,0.118879786626024,1.7639887438376745,0.0,440.56679816162085,440.56679816162085,475.8121420145505,440.56679816162085
2026-04-01,SKU-1003,Leche Entera 1L,Lacteos,Supermercado,Sur,Activo,0.14021718422556678,1.7639887438376745,0.0,519.6428901393477,519.6428901393477,561.2143213504955,519.6428901393477
2026-04-01,SKU-1004,Leche Descremada 1L,Lacteos,Ecommerce,Centro,Activo,0.06708793480186617,1.7585227272727273,0.0,365.56224852479994,365.56224852479994,394.80722840678396,365.56224852479994
2026-04-01,SKU-1004,Leche Descremada 1L,Lacteos,Ecommerce,Norte,Activo,0.03112265989487982,1.7585227272727273,0.0,169.58741634909293,169.58741634909293,183.15440965702038,169.58741634909293
2026-04-01,SKU-1004,Leche Descremada 1L,Lacteos,Ecommerce,Sur,Activo,0.03189039154314061,1.7585227272727273,0.0,173.77078715087322,173.77078715087322,187.67245012294308,173.77078715087322
2026-04-01,SKU-1004,Leche Descremada 1L,Lacteos,Mayorista,Centro,Activo,0.13689245851296286,1.7585227272727273,0.0,745.9271937328225,745.9271937328225,805.6013692314483,745.9271937328225
2026-04-01,SKU-1004,Leche Descremada 1L,Lacteos,Mayorista,Norte,Activo,0.0769503336679856,1.7585227272727273,0.0,419.30247343997746,419.30247343997746,452.8466713151756,419.30247343997746
2026-04-01,SKU-1004,Leche Descremada 1L,Lacteos,Mayorista,Sur,Activo,0.07948975373530975,1.7585227272727273,0.0,433.1397768612507,433.1397768612507,467.79095901015074,433.1397768612507
2026-04-01,SKU-1004,Leche Descremada 1L,Lacteos,Supermercado,Centro,Activo,0.3162463828028111,1.7585227272727273,0.0,1723.226972579493,1723.226972579493,1861.0851303858524,1723.226972579493
2026-04-01,SKU-1004,Leche Descremada 1L,Lacteos,Supermercado,Norte,Activo,0.1249040335439674,1.7585227272727273,0.0,680.6022496742535,680.6022496742535,735.0504296481937,680.6022496742535
2026-04-01,SKU-1004,Leche Descremada 1L,Lacteos,Supermercado,Sur,Activo,0.13541605149707672,1.7585227272727273,0.0,737.8822498832451,737.8822498832451,796.9128298739047,737.8822498832451
2026-04-01,SKU-1005,Queso Untable 250g,Lacteos,Ecommerce,Centro,Activo,0.07231949636041708,1.5603271983640081,0.0,320.09790238765174,320.09790238765174,345.7057345786639,320.09790238765174
2026-04-01,SKU-1005,Queso Untable 250g,Lacteos,Ecommerce,Norte,Activo,0.03202832972653945,1.5603271983640081,0.0,141.7626183588403,141.7626183588403,153.10362782754754,141.7626183588403
2026-04-01,SKU-1005,Queso Untable 250g,Lacteos,Ecommerce,Sur,Activo,0.04343891402714932,1.5603271983640081,0.0,192.26772809356228,192.26772809356228,207.64914634104727,192.26772809356228
2026-04-01,SKU-1005,Queso Untable 250g,Lacteos,Mayorista,Centro,Activo,0.15872516230572498,1.5603271983640081,0.0,702.5434919650637,702.5434919650637,758.7469713222688,702.5434919650637
2026-04-01,SKU-1005,Queso Untable 250g,Lacteos,Mayorista,Norte,Activo,0.06783395632500491,1.5603271983640081,0.0,300.24416959538166,300.24416959538166,324.2637031630122,300.24416959538166
2026-04-01,SKU-1005,Queso Untable 250g,Lacteos,Mayorista,Sur,Activo,0.09270116073185126,1.5603271983640081,0.0,410.31047770691373,410.31047770691373,443.1353159234668,410.31047770691373
2026-04-01,SKU-1005,Queso Untable 250g,Lacteos,Supermercado,Centro,Activo,0.2879401927995278,1.5603271983640081,0.0,1274.4703208230876,1274.4703208230876,1376.4279464889346,1274.4703208230876
2026-04-01,SKU-1005,Queso Untable 250g,Lacteos,Supermercado,Norte,Activo,0.11445996458784183,1.5603271983640081,0.0,506.6184973045043,506.6184973045043,547.1479770888646,506.6184973045043
2026-04-01,SKU-1005,Queso Untable 250g,Lacteos,Supermercado,Sur,Activo,0.13055282313594335,1.5603271983640081,0.0,577.8481175855433,577.8481175855433,624.0759669923867,577.8481175855433
2026-04-01,SKU-1006,Manjar 400g,Lacteos,Ecommerce,Centro,Activo,0.06680349242131117,1.7712687161651397,0.0,338.3709839466314,338.3709839466314,365.4406626623619,338.3709839466314
2026-04-01,SKU-1006,Manjar 400g,Lacteos,Ecommerce,Norte,Activo,0.029271739313291724,1.7712687161651397,0.0,148.26630875526027,148.26630875526027,160.12761345568111,148.26630875526027
2026-04-01,SKU-1006,Manjar 400g,Lacteos,Ecommerce,Sur,Activo,0.03290547246942449,1.7712687161651397,0.0,166.6717815662581,166.6717815662581,180.00552409155875,166.6717815662581
2026-04-01,SKU-1006,Manjar 400g,Lacteos,Mayorista,Centro,Activo,0.15079992597950978,1.7712687161651397,0.0,763.8271216564099,763.8271216564099,824.9332913889226,763.8271216564099
2026-04-01,SKU-1006,Manjar 400g,Lacteos,Mayorista,Norte,Activo,0.07079050518984574,1.7712687161651397,0.0,358.5658777253651,358.5658777253651,387.25114794339436,358.5658777253651
2026-04-01,SKU-1006,Manjar 400g,Lacteos,Mayorista,Sur,Activo,0.07765422337365208,1.7712687161651397,0.0,393.3317708128055,393.3317708128055,424.79831247782994,393.3317708128055
2026-04-01,SKU-1006,Manjar 400g,Lacteos,Supermercado,Centro,Activo,0.28060494927914137,1.7712687161651397,0.0,1421.3115115159433,1421.3115115159433,1535.016432437219,1421.3115115159433
2026-04-01,SKU-1006,Manjar 400g,Lacteos,Supermercado,Norte,Activo,0.13512104032434433,1.7712687161651397,0.0,684.4109148978451,684.4109148978451,739.1637880896728,684.4109148978451
2026-04-01,SKU-1006,Manjar 400g,Lacteos,Supermercado,Sur,Activo,0.15604865164947934,1.7712687161651397,0.0,790.4128046056289,790.4128046056289,853.6458289740793,790.4128046056289
2026-05-01,SKU-1012,Jugo Naranja 1L,Bebidas,Ecommerce,Centro,Activo,0.06973495570341506,1.675392670157068,0.0,667.771526709386,667.771526709386,721.1932488461368,667.771526709386
2026-05-01,SKU-1012,Jugo Naranja 1L,Bebidas,Ecommerce,Norte,Activo,0.02731316398926589,1.675392670157068,0.0,261.5467814154316,261.5467814154316,282.4705239286662,261.5467814154316
2026-05-01,SKU-1012,Jugo Naranja 1L,Bebidas,Ecommerce,Sur,Activo,0.03654008749035033,1.675392670157068,0.0,349.90242358942,349.90242358942,377.89461747657356,349.90242358942
2026-05-01,SKU-1012,Jugo Naranja 1L,Bebidas,Mayorista,Centro,Activo,0.15483586369150462,1.675392670157068,0.0,1482.685118871868,1482.685118871868,1601.2999283816177,1482.685118871868
2026-05-01,SKU-1012,Jugo Naranja 1L,Bebidas,Mayorista,Norte,Activo,0.07789582031393597,1.675392670157068,0.0,745.9187480744275,745.9187480744275,805.5922479203817,745.9187480744275
2026-05-01,SKU-1012,Jugo Naranja 1L,Bebidas,Mayorista,Sur,Activo,0.09679079513288975,1.675392670157068,0.0,926.8542065502443,926.8542065502443,1001.0025430742638,926.8542065502443
2026-05-01,SKU-1012,Jugo Naranja 1L,Bebidas,Supermercado,Centro,Activo,0.2556335698268573,1.675392670157068,0.0,2447.908907083326,2447.908907083326,2643.741619649992,2447.908907083326
2026-05-01,SKU-1012,Jugo Naranja 1L,Bebidas,Supermercado,Norte,Activo,0.14285189133551446,1.675392670157068,0.0,1367.9283883988792,1367.9283883988792,1477.3626594707896,1367.9283883988792
2026-05-01,SKU-1012,Jugo Naranja 1L,Bebidas,Supermercado,Sur,Activo,0.13840385251626658,1.675392670157068,0.0,1325.3346326098251,1325.3346326098251,1431.361403218611,1325.3346326098251
2026-05-01,SKU-1013,Jugo Manzana 1L,Bebidas,Ecommerce,Centro,Activo,0.06120655564831495,1.6965448589199297,0.0,780.3622493757352,780.3622493757352,842.7912293257942,780.3622493757352
2026-05-01,SKU-1013,Jugo Manzana 1L,Bebidas,Ecommerce,Norte,Activo,0.030932817786370227,1.6965448589199297,0.0,394.38264433633714,394.38264433633714,425.93325588324416,394.38264433633714
2026-05-01,SKU-1013,Jugo Manzana 1L,Bebidas,Ecommerce,Sur,Activo,0.03236082428929215,1.6965448589199297,0.0,412.589229479705,412.589229479705,445.59636783808145,412.589229479705
2026-05-01,SKU-1013,Jugo Manzana 1L,Bebidas,Mayorista,Centro,Activo,0.13390307131244783,1.6965448589199297,0.0,1707.2174838281073,1707.2174838281073,1843.794882534356,1707.2174838281073
2026-05-01,SKU-1013,Jugo Manzana 1L,Bebidas,Mayorista,Norte,Activo,0.06322773408321983,1.6965448589199297,0.0,806.1315698863483,806.1315698863483,870.6220954772562,806.1315698863483
2026-05-01,SKU-1013,Jugo Manzana 1L,Bebidas,Mayorista,Sur,Activo,0.07542071268509161,1.6965448589199297,0.0,961.5877968797197,961.5877968797197,1038.5148206300973,961.5877968797197
2026-05-01,SKU-1013,Jugo Manzana 1L,Bebidas,Supermercado,Centro,Activo,0.36561360340964016,1.6965448589199297,0.0,4661.4459993219625,4661.4459993219625,5034.36167926772,4661.4459993219625
2026-05-01,SKU-1013,Jugo Manzana 1L,Bebidas,Supermercado,Norte,Activo,0.11826090777274924,1.6965448589199297,0.0,1507.7853511807548,1507.7853511807548,1628.4081792752154,1507.7853511807548
2026-05-01,SKU-1013,Jugo Manzana 1L,Bebidas,Supermercado,Sur,Activo,0.11907377301287403,1.6965448589199297,0.0,1518.1490996469797,1518.1490996469797,1639.6010276187383,1518.1490996469797
2026-05-01,SKU-1014,Agua Saborizada 500ml,Bebidas,Ecommerce,Centro,Activo,0.06642871993901171,1.690721649484536,0.07407407407407407,624.2086873094545,656.1460542813776,708.6377386238879,656.1460542813776
2026-05-01,SKU-1014,Agua Saborizada 500ml,Bebidas,Ecommerce,Norte,Activo,0.029731790144847184,1.690721649484536,0.07407407407407407,279.3797880602566,293.6741338411174,317.1680645484068,293.6741338411174
2026-05-01,SKU-1014,Agua Saborizada 500ml,Bebidas,Ecommerce,Sur,Activo,0.03035553399403978,1.690721649484536,0.07407407407407407,285.2409024950872,299.835129655966,323.8219400284433,299.835129655966
2026-05-01,SKU-1014,Agua Saborizada 500ml,Bebidas,Mayorista,Centro,Activo,0.1727077413542172,1.690721649484536,0.07407407407407407,1622.8774635108614,1705.911285622528,1842.3841884723304,1705.911285622528
2026-05-01,SKU-1014,Agua Saborizada 500ml,Bebidas,Mayorista,Norte,Activo,0.07041375008663109,1.690721649484536,0.07407407407407407,661.6546961986497,695.5079719873548,751.1486097463434,695.5079719873548
2026-05-01,SKU-1014,Agua Saborizada 500ml,Bebidas,Mayorista,Sur,Activo,0.0758541825490332,1.690721649484536,0.07407407407407407,712.7766387691163,749.2455465946456,809.1851903222173,749.2455465946456
2026-05-01,SKU-1014,Agua Saborizada 500ml,Bebidas,Supermercado,Centro,Activo,0.2721948853004366,1.690721649484536,0.07407407407407407,2557.7252158663355,2688.5901180908822,2903.677327538153,2688.5901180908822
2026-05-01,SKU-1014,Agua Saborizada 500ml,Bebidas,Supermercado,Norte,Activo,0.1577725414096611,1.690721649484536,0.07407407407407407,1482.5363345435296,1558.3896636114305,1683.0608367003451,1558.3896636114305
2026-05-01,SKU-1014,Agua Saborizada 500ml,Bebidas,Supermercado,Sur,Activo,0.12454085522212212,1.690721649484536,0.07407407407407407,1170.2691821545016,1230.145497698107,1328.5571375139557,1230.145497698107
2026-05-01,SKU-1015,Bebida Isotonica 600ml,Bebidas,Ecommerce,Centro,Activo,0.056203215118419435,1.6883561643835616,0.07407407407407407,291.83077904655624,306.7110394697825,331.24792262736514,306.7110394697825
2026-05-01,SKU-1015,Bebida Isotonica 600ml,Bebidas,Ecommerce,Norte,Activo,0.02902196588538471,1.6883561643835616,0.07407407407407407,150.69427782644226,158.37808042489863,171.04832685889053,158.37808042489863
2026-05-01,SKU-1015,Bebida Isotonica 600ml,Bebidas,Ecommerce,Sur,Activo,0.02699717756779973,1.6883561643835616,0.07407407407407407,140.18072355948118,147.32844690688245,159.11472265943306,147.32844690688245
2026-05-01,SKU-1015,Bebida Isotonica 600ml,Bebidas,Mayorista,Centro,Activo,0.18812124187016813,1.6883561643835616,0.07407407407407407,976.8047691667484,1026.6114050375036,1108.740317440504,1026.6114050375036
2026-05-01,SKU-1015,Bebida Isotonica 600ml,Bebidas,Mayorista,Norte,Activo,0.07589888329856424,1.6883561643835616,0.07407407407407407,394.0989887342687,414.19383823594,447.3293452948152,414.19383823594
2026-05-01,SKU-1015,Bebida Isotonica 600ml,Bebidas,Mayorista,Sur,Activo,0.07688059884648422,1.6883561643835616,0.07407407407407407,399.196469590977,419.5512363052811,453.11533520970363,419.5512363052811
2026-05-01,SKU-1015,Bebida Isotonica 600ml,Bebidas,Supermercado,Centro,Activo,0.26254755184685236,1.6883561643835616,0.07407407407407407,1363.2575366159545,1432.7691461694317,1547.3906778629862,1432.7691461694317
2026-05-01,SKU-1015,Bebida Isotonica 600ml,Bebidas,Supermercado,Norte,Activo,0.15897656154129342,1.6883561643835616,0.07407407407407407,825.4733062332176,867.5636498539374,936.9687418422524,867.5636498539374
2026-05-01,SKU-1015,Bebida Isotonica 600ml,Bebidas,Supermercado,Sur,Activo,0.12535280402503374,1.6883561643835616,0.07407407407407407,650.8845868909546,684.0727659790018,738.798587257322,684.0727659790018
2026-05-01,SKU-1016,Te Helado 1.5L,Bebidas,Ecommerce,Centro,Activo,0.07157569515962925,1.5667870036101084,0.1111111111111111,257.7508356265654,273.983038271319,295.90168133302456,273.983038271319
2026-05-01,SKU-1016,Te Helado 1.5L,Bebidas,Ecommerce,Norte,Activo,0.03226913834534844,1.5667870036101084,0.1111111111111111,116.20421366377529,123.52232900481529,133.40411532520054,123.52232900481529
2026-05-01,SKU-1016,Te Helado 1.5L,Bebidas,Ecommerce,Sur,Activo,0.035015447991761074,1.5667870036101084,0.1111111111111111,126.09393397558595,134.03486764352297,144.75765705500484,134.03486764352297
2026-05-01,SKU-1016,Te Helado 1.5L,Bebidas,Mayorista,Centro,Activo,0.15070374184689322,1.5667870036101084,0.1111111111111111,542.69840211061,576.875557799084,623.0256024230109,576.875557799084
2026-05-01,SKU-1016,Te Helado 1.5L,Bebidas,Mayorista,Norte,Activo,0.07990044627531755,1.5667870036101084,0.1111111111111111,287.72905032174145,305.8491710199017,330.31710470149386,305.8491710199017
2026-05-01,SKU-1016,Te Helado 1.5L,Bebidas,Mayorista,Sur,Activo,0.07869893580501201,1.5667870036101084,0.1111111111111111,283.4022976853243,301.249935365467,325.3499301947044,301.249935365467
2026-05-01,SKU-1016,Te Helado 1.5L,Bebidas,Supermercado,Centro,Activo,0.30655681428081016,1.5667870036101084,0.1111111111111111,1103.9400298058652,1173.462125545745,1267.339095589405,1173.462125545745
2026-05-01,SKU-1016,Te Helado 1.5L,Bebidas,Supermercado,Norte,Activo,0.11654651561963611,1.5667870036101084,0.1111111111111111,419.69500573246495,446.12585848015726,481.81592715856993,446.12585848015726
2026-05-01,SKU-1016,Te Helado 1.5L,Bebidas,Supermercado,Sur,Activo,0.12873326467559218,1.5667870036101084,0.1111111111111111,463.5806396161248,492.77524868942265,532.1972685845766,492.77524868942265
2026-05-01,SKU-1017,Nectar Durazno 1L,Bebidas,Ecommerce,Centro,Activo,0.06459705236751333,1.6616982440073014,0.0,275.74005771665145,275.74005771665145,297.79926233398356,275.74005771665145
2026-05-01,SKU-1017,Nectar Durazno 1L,Bebidas,Ecommerce,Norte,Activo,0.02971150830981499,1.6616982440073014,0.0,126.8270411099647,126.8270411099647,136.97320439876188,126.8270411099647
2026-05-01,SKU-1017,Nectar Durazno 1L,Bebidas,Ecommerce,Sur,Activo,0.028849169018501097,1.6616982440073014,0.0,123.14604519384434,123.14604519384434,132.99772880935188,123.14604519384434
2026-05-01,SKU-1017,Nectar Durazno 1L,Bebidas,Mayorista,Centro,Activo,0.16815616180620885,1.6616982440073014,0.0,717.7942036434678,717.7942036434678,775.2177399349451,717.7942036434678
2026-05-01,SKU-1017,Nectar Durazno 1L,Bebidas,Mayorista,Norte,Activo,0.07173095014111007,1.6616982440073014,0.0,306.191933022738,306.191933022738,330.68728766455706,306.191933022738
2026-05-01,SKU-1017,Nectar Durazno 1L,Bebidas,Mayorista,Sur,Activo,0.09524929444967074,1.6616982440073014,0.0,406.58273073511106,406.58273073511106,439.10934919391997,406.58273073511106
2026-05-01,SKU-1017,Nectar Durazno 1L,Bebidas,Supermercado,Centro,Activo,0.2634838507369081,1.6616982440073014,0.0,1124.7115703709533,1124.7115703709533,1214.6884960006296,1124.7115703709533
2026-05-01,SKU-1017,Nectar Durazno 1L,Bebidas,Supermercado,Norte,Activo,0.1400909375979931,1.6616982440073014,0.0,597.9945183733691,597.9945183733691,645.8340798432387,597.9945183733691
2026-05-01,SKU-1017,Nectar Durazno 1L,Bebidas,Supermercado,Sur,Activo,0.13813107557227972,1.6616982440073014,0.0,589.6286185640047,589.6286185640047,636.7989080491251,589.6286185640047
2026-05-01,SKU-1018,Arroz Grano Largo 1kg,Despensa,Ecommerce,Centro,Activo,0.06331892707690197,1.7129528844658684,0.0,599.1754900708124,599.1754900708124,647.1095292764774,599.1754900708124
2026-05-01,SKU-1018,Arroz Grano Largo 1kg,Despensa,Ecommerce,Norte,Activo,0.04249845647252521,1.7129528844658684,0.0,402.1551637040826,402.1551637040826,434.32757680040925,402.1551637040826
2026-05-01,SKU-1018,Arroz Grano Largo 1kg,Despensa,Ecommerce,Sur,Activo,0.030664745832475818,1.7129528844658684,0.0,290.1749123094834,290.1749123094834,313.388905294242,290.1749123094834
2026-05-01,SKU-1018,Arroz Grano Largo 1kg,Despensa,Mayorista,Centro,Activo,0.18182753653015024,1.7129528844658684,0.0,1720.60090621093,1720.60090621093,1858.2489787078043,1720.60090621093
2026-05-01,SKU-1018,Arroz Grano Largo 1kg,Despensa,Mayorista,Norte,Activo,0.0750154352747479,1.7129528844658684,0.0,709.857419710112,709.857419710112,766.6460132869211,709.857419710112
2026-05-01,SKU-1018,Arroz Grano Largo 1kg,Despensa,Mayorista,Sur,Activo,0.06506825821499623,1.7129528844658684,0.0,615.7290924508836,615.7290924508836,664.9874198469544,615.7290924508836
2026-05-01,SKU-1018,Arroz Grano Largo 1kg,Despensa,Supermercado,Centro,Activo,0.2657611305481238,1.7129528844658684,0.0,2514.849240015523,2514.849240015523,2716.037179216765,2514.849240015523
2026-05-01,SKU-1018,Arroz Grano Largo 1kg,Despensa,Supermercado,Norte,Activo,0.14430266858750085,1.7129528844658684,0.0,1365.5099061364613,1365.5099061364613,1474.7506986273784,1365.5099061364613
2026-05-01,SKU-1018,Arroz Grano Largo 1kg,Despensa,Supermercado,Sur,Activo,0.13154284146257803,1.7129528844658684,0.0,1244.7659828935891,1244.7659828935891,1344.3472615250762,1244.7659828935891
2026-05-01,SKU-1019,Fideos Spaghetti 400g,Despensa,Ecommerce,Centro,Activo,0.059894585529468136,1.8031651182739419,0.0,176.03537375034202,176.03537375034202,190.1182036503694,176.03537375034202
2026-05-01,SKU-1019,Fideos Spaghetti 400g,Despensa,Ecommerce,Norte,Activo,0.04000958313368472,1.8031651182739419,0.0,117.59162966522848,117.59162966522848,126.99896003844677,117.59162966522848
2026-05-01,SKU-1019,Fideos Spaghetti 400g,Despensa,Ecommerce,Sur,Activo,0.03689506468615237,1.8031651182739419,0.0,108.43779023021068,108.43779023021068,117.11281344862755,108.43779023021068
2026-05-01,SKU-1019,Fideos Spaghetti 400g,Despensa,Mayorista,Centro,Activo,0.16686631528509824,1.8031651182739419,0.0,490.4345512684529,490.4345512684529,529.6693153699292,490.4345512684529
2026-05-01,SKU-1019,Fideos Spaghetti 400g,Despensa,Mayorista,Norte,Activo,0.07870148538572114,1.8031651182739419,0.0,231.31048110794944,231.31048110794944,249.81531959658543,231.31048110794944
2026-05-01,SKU-1019,Fideos Spaghetti 400g,Despensa,Mayorista,Sur,Activo,0.06732151413512219,1.8031651182739419,0.0,197.86376009538444,197.86376009538444,213.69286090301523,197.86376009538444
2026-05-01,SKU-1019,Fideos Spaghetti 400g,Despensa,Supermercado,Centro,Activo,0.2546717776712985,1.8031651182739419,0.0,748.5024091864542,748.5024091864542,808.3826019213707,748.5024091864542
2026-05-01,SKU-1019,Fideos Spaghetti 400g,Despensa,Supermercado,Norte,Activo,0.15860086248203162,1.8031651182739419,0.0,466.14166969090564,466.14166969090564,503.43300326617816,466.14166969090564
2026-05-01,SKU-1019,Fideos Spaghetti 400g,Despensa,Supermercado,Sur,Activo,0.1370388116914231,1.8031651182739419,0.0,402.76893514078256,402.76893514078256,434.9904499520452,402.76893514078256
2026-05-01,SKU-1020,Aceite Vegetal 900ml,Despensa,Ecommerce,Centro,Activo,0.06309059282591321,1.72162451140297,0.07407407407407407,974.8442589679081,1026.9532598621086,1109.1095206510774,1026.9532598621086
2026-05-01,SKU-1020,Aceite Vegetal 900ml,Despensa,Ecommerce,Norte,Activo,0.03674016266278031,1.72162451140297,0.07407407407407407,567.6906023721463,598.0357470806541,645.8786068471065,598.0357470806541
2026-05-01,SKU-1020,Aceite Vegetal 900ml,Despensa,Ecommerce,Sur,Activo,0.03309670443326595,1.72162451140297,0.07407407407407407,511.3937096225092,538.729578944057,581.8279452595816,538.729578944057
2026-05-01,SKU-1020,Aceite Vegetal 900ml,Despensa,Mayorista,Centro,Activo,0.15568144421982982,1.72162451140297,0.07407407407407407,2405.511746328039,2534.095171410859,2736.8227851237284,2534.095171410859
2026-05-01,SKU-1020,Aceite Vegetal 900ml,Despensa,Mayorista,Norte,Activo,0.07804052465798506,1.72162451140297,0.07407407407407407,1205.8431221212577,1270.2998594419525,1371.923848197309,1270.2998594419525
2026-05-01,SKU-1020,Aceite Vegetal 900ml,Despensa,Mayorista,Sur,Activo,0.06374876592543839,1.72162451140297,0.07407407407407407,985.0140202388104,1037.6666321706552,1120.6799627443079,1037.6666321706552
2026-05-01,SKU-1020,Aceite Vegetal 900ml,Despensa,Supermercado,Centro,Activo,0.270039020262329,1.72162451140297,0.07407407407407407,4172.507767147291,4395.543610020829,4747.1870988224955,4395.543610020829
2026-05-01,SKU-1020,Aceite Vegetal 900ml,Despensa,Supermercado,Norte,Activo,0.1349724977669127,1.72162451140297,0.07407407407407407,2085.5274720542952,2197.0065641312326,2372.767089261731,2197.0065641312326
2026-05-01,SKU-1020,Aceite Vegetal 900ml,Despensa,Supermercado,Sur,Activo,0.16459028724554559,1.72162451140297,0.07407407407407407,2543.1667292448933,2679.108318015829,2893.4369834570957,2679.108318015829
2026-05-01,SKU-1021,Azucar 1kg,Despensa,Ecommerce,Centro,Pausado,0.05602553062154906,2.4424173318129987,0.0,0.0,0.0,0.0,0.0
2026-05-01,SKU-1021,Azucar 1kg,Despensa,Ecommerce,Norte,Pausado,0.03444607669317664,2.4424173318129987,0.0,0.0,0.0,0.0,0.0
2026-05-01,SKU-1021,Azucar 1kg,Despensa,Ecommerce,Sur,Pausado,0.02912719720378907,2.4424173318129987,0.0,0.0,0.0,0.0,0.0
2026-05-01,SKU-1021,Azucar 1kg,Despensa,Mayorista,Centro,Pausado,0.14325515424750518,2.4424173318129987,0.0,0.0,0.0,0.0,0.0
2026-05-01,SKU-1021,Azucar 1kg,Despensa,Mayorista,Norte,Pausado,0.05344207486956081,2.4424173318129987,0.0,0.0,0.0,0.0,0.0
2026-05-01,SKU-1021,Azucar 1kg,Despensa,Mayorista,Sur,Pausado,0.0710197051821083,2.4424173318129987,0.0,0.0,0.0,0.0,0.0
2026-05-01,SKU-1021,Azucar 1kg,Despensa,Supermercado,Centro,Pausado,0.36406463704979486,2.4424173318129987,0.0,0.0,0.0,0.0,0.0
2026-05-01,SKU-1021,Azucar 1kg,Despensa,Supermercado,Norte,Pausado,0.12618408388632796,2.4424173318129987,0.0,0.0,0.0,0.0,0.0
2026-05-01,SKU-1021,Azucar 1kg,Despensa,Supermercado,Sur,Pausado,0.12243554024618813,2.4424173318129987,0.0,0.0,0.0,0.0,0.0
2026-05-01,SKU-1022,Harina 1kg,Despensa,Ecommerce,Centro,Activo,0.06780783284694804,1.733144863107313,0.07407407407407407,894.3487178890045,942.9181377665553,1018.3515887878798,942.9181377665553
2026-05-01,SKU-1022,Harina 1kg,Despensa,Ecommerce,Norte,Activo,0.032076906099026414,1.733144863107313,0.07407407407407407,423.07707884224885,446.0531371423705,481.7373881137601,446.0531371423705
2026-05-01,SKU-1022,Harina 1kg,Despensa,Ecommerce,Sur,Activo,0.045932756210608924,1.733144863107313,0.07407407407407407,605.8282635103457,638.7289953116666,689.8273149365999,638.7289953116666
2026-05-01,SKU-1022,Harina 1kg,Despensa,Mayorista,Centro,Activo,0.16521568531279887,1.733144863107313,0.07407407407407407,2179.1057187769343,2297.4464716576067,2481.242189390215,2297.4464716576067
2026-05-01,SKU-1022,Harina 1kg,Despensa,Mayorista,Norte,Activo,0.06290310714373298,1.733144863107313,0.07407407407407407,829.6580330507402,874.7142941668044,944.6914377001488,874.7142941668044
2026-05-01,SKU-1022,Harina 1kg,Despensa,Mayorista,Sur,Activo,0.07798513868111925,1.733144863107313,0.07407407407407407,1028.581888928403,1084.441113236038,1171.1964022949212,1084.441113236038
2026-05-01,SKU-1022,Harina 1kg,Despensa,Supermercado,Centro,Activo,0.2660323221423842,1.733144863107313,0.07407407407407407,3508.822745627458,3699.3764768504852,3995.3265949985243,3699.3764768504852
2026-05-01,SKU-1022,Harina 1kg,Despensa,Supermercado,Norte,Activo,0.16570615788312038,1.733144863107313,0.07407407407407407,2185.574787260761,2304.2668560175816,2488.6082044989885,2304.2668560175816
2026-05-01,SKU-1022,Harina 1kg,Despensa,Supermercado,Sur,Activo,0.11634009368026094,1.733144863107313,0.07407407407407407,1534.4630443636304,1617.7951701860898,1747.218783800977,1617.7951701860898
2026-05-01,SKU-1023,Salsa Tomate 200g,Despensa,Ecommerce,Centro,Activo,0.06645110369936603,1.5941085046692045,0.0,871.646749783215,871.646749783215,941.3784897658722,871.646749783215
2026-05-01,SKU-1023,Salsa Tomate 200g,Despensa,Ecommerce,Norte,Activo,0.030119408305114954,1.5941085046692045,0.0,395.07973371400135,395.07973371400135,426.6861124111214,395.07973371400135
2026-05-01,SKU-1023,Salsa Tomate 200g,Despensa,Ecommerce,Sur,Activo,0.029177381164549227,1.5941085046692045,0.0,382.7230556519404,382.7230556519404,413.3409001040957,382.7230556519404
2026-05-01,SKU-1023,Salsa Tomate 200g,Despensa,Mayorista,Centro,Activo,0.16997224838964278,1.5941085046692045,0.0,2229.545479522124,2229.545479522124,2407.909117883894,2229.545479522124
2026-05-01,SKU-1023,Salsa Tomate 200g,Despensa,Mayorista,Norte,Activo,0.0766861012806477,1.5941085046692045,0.0,1005.900387106147,1005.900387106147,1086.3724180746387,1005.900387106147
2026-05-01,SKU-1023,Salsa Tomate 200g,Despensa,Mayorista,Sur,Activo,0.07457290526262189,1.5941085046692045,0.0,978.1813525344969,978.1813525344969,1056.4358607372567,978.1813525344969
2026-05-01,SKU-1023,Salsa Tomate 200g,Despensa,Supermercado,Centro,Activo,0.3136695776153983,1.5941085046692045,0.0,4114.439830394333,4114.439830394333,4443.59501682588,4114.439830394333
2026-05-01,SKU-1023,Salsa Tomate 200g,Despensa,Supermercado,Norte,Activo,0.11953560607989408,1.5941085046692045,0.0,1567.9622567939443,1567.9622567939443,1693.39923733746,1567.9622567939443
2026-05-01,SKU-1023,Salsa Tomate 200g,Despensa,Supermercado,Sur,Activo,0.11981566820276497,1.5941085046692045,0.0,1571.6358637853677,1571.6358637853677,1697.3667328881972,1571.6358637853677
2026-05-01,SKU-1024,Atun Lomitos 160g,Despensa,Ecommerce,Centro,Activo,0.047671151120284486,1.7532984293193716,0.18518518518518517,596.2899391291345,679.4722121967123,733.8299891724495,679.4722121967123
2026-05-01,SKU-1024,Atun Lomitos 160g,Despensa,Ecommerce,Norte,Activo,0.025439534478899857,1.7532984293193716,0.18518518518518517,318.20793308769146,362.5978471973066,391.60567497309114,362.5978471973066
2026-05-01,SKU-1024,Atun Lomitos 160g,Despensa,Ecommerce,Sur,Activo,0.03670454828040683,1.7532984293193716,0.18518518518518517,459.1152582966106,523.1617032876095,565.0146395506183,523.1617032876095
2026-05-01,SKU-1024,Atun Lomitos 160g,Despensa,Mayorista,Centro,Activo,0.21169770969586948,1.7532984293193716,0.18518518518518517,2648.000131354367,3017.3953794630215,3258.7870098200633,3017.3953794630215
2026-05-01,SKU-1024,Atun Lomitos 160g,Despensa,Mayorista,Norte,Activo,0.08544500534652973,1.7532984293193716,0.18518518518518517,1068.7805064411612,1217.8750762169554,1315.3050823143121,1217.8750762169554
2026-05-01,SKU-1024,Atun Lomitos 160g,Despensa,Mayorista,Sur,Activo,0.06768955312958495,1.7532984293193716,0.18518518518518517,846.6881660456463,964.8009189355508,1041.9849924503949,964.8009189355508
2026-05-01,SKU-1024,Atun Lomitos 160g,Despensa,Supermercado,Centro,Activo,0.2881903861935195,1.7532984293193716,0.18518518518518517,3604.801306503672,4107.670040243975,4436.283643463493,4107.670040243975
2026-05-01,SKU-1024,Atun Lomitos 160g,Despensa,Supermercado,Norte,Activo,0.13122622037649517,1.7532984293193716,0.18518518518518517,1641.4303645197929,1870.4094229327343,2020.042176767353,1870.4094229327343
2026-05-01,SKU-1024,Atun Lomitos 160g,Despensa,Supermercado,Sur,Activo,0.10593589137840996,1.7532984293193716,0.18518518518518517,1325.0887536202988,1509.9382493260275,1630.7333092721099,1509.9382493260275
2026-05-01,SKU-1025,Legumbres Mix 500g,Despensa,Ecommerce,Centro,Activo,0.10095386252916855,1.7396449704142012,0.07407407407407407,840.4838822139017,886.5327471171397,957.455366886511,886.5327471171397
2026-05-01,SKU-1025,Legumbres Mix 500g,Despensa,Ecommerce,Norte,Activo,0.030908421009538625,1.7396449704142012,0.07407407407407407,257.32576280271525,271.4242595593838,293.1382003241346,271.4242595593838
2026-05-01,SKU-1025,Legumbres Mix 500g,Despensa,Ecommerce,Sur,Activo,0.027797109755598313,1.7396449704142012,0.07407407407407407,231.42277210999157,244.1020824381743,263.63024903322827,244.1020824381743
2026-05-01,SKU-1025,Legumbres Mix 500g,Despensa,Mayorista,Centro,Activo,0.14013182134523272,1.7396449704142012,0.07407407407407407,1166.657067647277,1230.576477446054,1329.0225956417385,1230.576477446054
2026-05-01,SKU-1025,Legumbres Mix 500g,Despensa,Mayorista,Norte,Activo,0.07156015884062718,1.7396449704142012,0.07407407407407407,595.768785932644,628.4100737878184,678.682879690844,628.4100737878184
2026-05-01,SKU-1025,Legumbres Mix 500g,Despensa,Mayorista,Sur,Activo,0.08359602079665944,1.7396449704142012,0.07407407407407407,695.9724604544961,734.1037589672342,792.832059684613,734.1037589672342
2026-05-01,SKU-1025,Legumbres Mix 500g,Despensa,Supermercado,Centro,Activo,0.2692512383837557,1.7396449704142012,0.07407407407407407,2241.631181395309,2364.446827976248,2553.6025742143484,2364.446827976248
2026-05-01,SKU-1025,Legumbres Mix 500g,Despensa,Supermercado,Norte,Activo,0.12477995660539568,1.7396449704142012,0.07407407407407407,1038.8462583081803,1095.7631034927178,1183.4241517721352,1095.7631034927178
2026-05-01,SKU-1025,Legumbres Mix 500g,Despensa,Supermercado,Sur,Activo,0.15102141073402384,1.7396449704142012,0.07407407407407407,1257.31753507181,1326.2040973702874,1432.3004251599104,1326.2040973702874
2026-05-01,SKU-1007,Galleta Avena 180g,Galletas,Ecommerce,Centro,Activo,0.07403361344537815,1.8868673503142575,0.0,653.0488281450631,653.0488281450631,705.2927343966683,653.0488281450631
2026-05-01,SKU-1007,Galleta Avena 180g,Galletas,Ecommerce,Norte,Activo,0.029285714285714286,1.8868673503142575,0.0,258.32862271118563,258.32862271118563,278.9949125280805,258.32862271118563
2026-05-01,SKU-1007,Galleta Avena 180g,Galletas,Ecommerce,Sur,Activo,0.0323109243697479,1.8868673503142575,0.0,285.013932374321,285.013932374321,307.8150469642667,285.013932374321
2026-05-01,SKU-1007,Galleta Avena 180g,Galletas,Mayorista,Centro,Activo,0.17214285714285715,1.8868673503142575,0.0,1518.4682456925789,1518.4682456925789,1639.9457053479853,1518.4682456925789
2026-05-01,SKU-1007,Galleta Avena 180g,Galletas,Mayorista,Norte,Activo,0.07352941176470588,1.8868673503142575,0.0,648.6012765345406,648.6012765345406,700.4893786573039,648.6012765345406
2026-05-01,SKU-1007,Galleta Avena 180g,Galletas,Mayorista,Sur,Activo,0.1084453781512605,1.8868673503142575,0.0,956.5942255632282,956.5942255632282,1033.1217636082865,956.5942255632282
2026-05-01,SKU-1007,Galleta Avena 180g,Galletas,Supermercado,Centro,Activo,0.2614705882352941,1.8868673503142575,0.0,2306.4261393568263,2306.4261393568263,2490.9402305053727,2306.4261393568263
2026-05-01,SKU-1007,Galleta Avena 180g,Galletas,Supermercado,Norte,Activo,0.1173109243697479,1.8868673503142575,0.0,1034.7970080482498,1034.7970080482498,1117.58076869211,1034.7970080482498
2026-05-01,SKU-1007,Galleta Avena 180g,Galletas,Supermercado,Sur,Activo,0.13147058823529412,1.8868673503142575,0.0,1159.6990824437587,1159.6990824437587,1252.4750090392592,1159.6990824437587
2026-05-01,SKU-1008,Galleta Chocolate 200g,Galletas,Ecommerce,Centro,Activo,0.060340965982451054,1.8100584222042841,0.0,889.5833238559737,889.5833238559737,960.7499897644518,889.5833238559737
2026-05-01,SKU-1008,Galleta Chocolate 200g,Galletas,Ecommerce,Norte,Activo,0.031698769465890224,1.8100584222042841,0.0,467.3225932745574,467.3225932745574,504.708400736522,467.3225932745574
2026-05-01,SKU-1008,Galleta Chocolate 200g,Galletas,Ecommerce,Sur,Activo,0.03823351163342204,1.8100584222042841,0.0,563.6617479978244,563.6617479978244,608.7546878376504,563.6617479978244
2026-05-01,SKU-1008,Galleta Chocolate 200g,Galletas,Mayorista,Centro,Activo,0.15794050222655528,1.8100584222042841,0.0,2328.4552153679942,2328.4552153679942,2514.731632597434,2328.4552153679942
2026-05-01,SKU-1008,Galleta Chocolate 200g,Galletas,Mayorista,Norte,Activo,0.08334431240283524,1.8100584222042841,0.0,1228.7126870552163,1228.7126870552163,1327.0097020196338,1228.7126870552163
2026-05-01,SKU-1008,Galleta Chocolate 200g,Galletas,Mayorista,Sur,Activo,0.07844325577718637,1.8100584222042841,0.0,1156.458321012766,1156.458321012766,1248.9749866937873,1156.458321012766
2026-05-01,SKU-1008,Galleta Chocolate 200g,Galletas,Supermercado,Centro,Activo,0.2619693815709731,1.8100584222042841,0.0,3862.112404269036,3862.112404269036,4171.081396610559,3862.112404269036
2026-05-01,SKU-1008,Galleta Chocolate 200g,Galletas,Supermercado,Norte,Activo,0.12900845827514426,1.8100584222042841,0.0,1901.9213771174007,1901.9213771174007,2054.075087286793,1901.9213771174007
2026-05-01,SKU-1008,Galleta Chocolate 200g,Galletas,Supermercado,Sur,Activo,0.15902084266554242,1.8100584222042841,0.0,2344.3822530440184,2344.3822530440184,2531.9328332875402,2344.3822530440184
2026-05-01,SKU-1009,Galleta Salada 150g,Galletas,Ecommerce,Centro,Activo,0.06650229591259699,1.7821671358843614,0.07407407407407407,917.3275459151663,970.4759503045216,1048.1140263288835,970.4759503045216
2026-05-01,SKU-1009,Galleta Salada 150g,Galletas,Ecommerce,Norte,Activo,0.035761948924427155,1.7821671358843614,0.07407407407407407,493.2975680584619,521.8783936841662,563.6286651788995,521.8783936841662
2026-05-01,SKU-1009,Galleta Salada 150g,Galletas,Ecommerce,Sur,Activo,0.02877242190504196,1.7821671358843614,0.07407407407407407,396.8845708857454,419.8793907439971,453.4697420035169,419.8793907439971
2026-05-01,SKU-1009,Galleta Salada 150g,Galletas,Mayorista,Centro,Activo,0.16143771630211043,1.7821671358843614,0.07407407407407407,2226.859420134878,2355.8798834433233,2544.3502741187895,2355.8798834433233
2026-05-01,SKU-1009,Galleta Salada 150g,Galletas,Mayorista,Norte,Activo,0.0720441539053134,1.7821671358843614,0.07407407407407407,993.7715080747633,1051.3489461632316,1135.4568618562903,1051.3489461632316
2026-05-01,SKU-1009,Galleta Salada 150g,Galletas,Mayorista,Sur,Activo,0.0847338777172069,1.7821671358843614,0.07407407407407407,1168.812580611637,1236.5316019866455,1335.4541301455772,1236.5316019866455
2026-05-01,SKU-1009,Galleta Salada 150g,Galletas,Supermercado,Centro,Activo,0.26110068085683913,1.7821671358843614,0.07407407407407407,3601.6026743193074,3810.273433457515,4115.095308134116,3810.273433457515
2026-05-01,SKU-1009,Galleta Salada 150g,Galletas,Supermercado,Norte,Activo,0.13173788142685877,1.7821671358843614,0.07407407407407407,1817.1821861938529,1922.4666444127663,2076.2639759657877,1922.4666444127663
2026-05-01,SKU-1009,Galleta Salada 150g,Galletas,Supermercado,Sur,Activo,0.15790902304960527,1.7821671358843614,0.07407407407407407,2178.1848972903995,2304.385241182267,2488.7360604768483,2304.385241182267
2026-05-01,SKU-1010,Barra Cereal Pack 6,Galletas,Ecommerce,Centro,Activo,0.07280591752539847,1.6293423816448538,0.0,612.55769594607,612.55769594607,661.5623116217556,612.55769594607
2026-05-01,SKU-1010,Barra Cereal Pack 6,Galletas,Ecommerce,Norte,Activo,0.029951111353434017,1.6293423816448538,0.0,251.99577706418455,251.99577706418455,272.1554392293193,251.99577706418455
2026-05-01,SKU-1010,Barra Cereal Pack 6,Galletas,Ecommerce,Sur,Activo,0.030859822256147428,1.6293423816448538,0.0,259.64128000909307,259.64128000909307,280.4125824098205,259.64128000909307
2026-05-01,SKU-1010,Barra Cereal Pack 6,Galletas,Mayorista,Centro,Activo,0.14997364738382132,1.6293423816448538,0.0,1261.8138060277008,1261.8138060277008,1362.758910509917,1261.8138060277008
2026-05-01,SKU-1010,Barra Cereal Pack 6,Galletas,Mayorista,Norte,Activo,0.07963942351380332,1.6293423816448538,0.0,670.051878091782,670.051878091782,723.6560283391245,670.051878091782
2026-05-01,SKU-1010,Barra Cereal Pack 6,Galletas,Mayorista,Sur,Activo,0.08758155680351853,1.6293423816448538,0.0,736.8735738302825,736.8735738302825,795.823459736705,736.8735738302825
2026-05-01,SKU-1010,Barra Cereal Pack 6,Galletas,Supermercado,Centro,Activo,0.2699961834142086,1.6293423816448538,0.0,2271.631834991217,2271.631834991217,2453.3623817905145,2271.631834991217
2026-05-01,SKU-1010,Barra Cereal Pack 6,Galletas,Supermercado,Norte,Activo,0.11740544863057267,1.6293423816448538,0.0,987.7989804821798,987.7989804821798,1066.8228989207541,987.7989804821798
2026-05-01,SKU-1010,Barra Cereal Pack 6,Galletas,Supermercado,Sur,Activo,0.16178688911909564,1.6293423816448538,0.0,1361.2053443115115,1361.2053443115115,1470.1017718564322,1361.2053443115115
2026-05-01,SKU-1011,Snack Mix 120g,Galletas,Ecommerce,Centro,Activo,0.058497877837239344,1.7718032524313152,0.07407407407407407,636.9135946736147,673.3263342207864,727.1924409584493,673.3263342207864
2026-05-01,SKU-1011,Snack Mix 120g,Galletas,Ecommerce,Norte,Activo,0.025219905271575322,1.7718032524313152,0.07407407407407407,274.5894572199601,290.2879043433464,313.5109366908141,290.2879043433464
2026-05-01,SKU-1011,Snack Mix 120g,Galletas,Ecommerce,Sur,Activo,0.0265424124992311,1.7718032524313152,0.07407407407407407,288.9886604644214,305.5103188393999,329.95114434655187,305.5103188393999
2026-05-01,SKU-1011,Snack Mix 120g,Galletas,Mayorista,Centro,Activo,0.2061265916220705,1.7718032524313152,0.07407407407407407,2244.2665149855766,2372.5726035476923,2562.3784118315075,2372.5726035476923
2026-05-01,SKU-1011,Snack Mix 120g,Galletas,Mayorista,Norte,Activo,0.056098911238235835,1.7718032524313152,0.07407407407407407,610.7941097185454,645.7135823442242,697.3706689317621,645.7135823442242
2026-05-01,SKU-1011,Snack Mix 120g,Galletas,Mayorista,Sur,Activo,0.0753521559943409,1.7718032524313152,0.07407407407407407,820.4197197425638,867.3236166356081,936.7095059664568,867.3236166356081
2026-05-01,SKU-1011,Snack Mix 120g,Galletas,Supermercado,Centro,Activo,0.30356154272005903,1.7718032524313152,0.07407407407407407,3305.119442391471,3494.0751413034495,3773.6011526077255,3494.0751413034495
2026-05-01,SKU-1011,Snack Mix 120g,Galletas,Supermercado,Norte,Activo,0.12188595681860122,1.7718032524313152,0.07407407407407407,1327.0707548325634,1402.9402011130264,1515.1754172020687,1402.9402011130264
2026-05-01,SKU-1011,Snack Mix 120g,Galletas,Supermercado,Sur,Activo,0.12671464599864674,1.7718032524313152,0.07407407407407407,1379.6445899344337,1458.519714505594,1575.2012916660415,1458.519714505594
2026-05-01,SKU-1001,Yogurt Natural 1L,Lacteos,Ecommerce,Centro,Activo,0.057301168997905265,1.9050386657544744,0.0,823.7685738758789,823.7685738758789,889.6700597859494,823.7685738758789
2026-05-01,SKU-1001,Yogurt Natural 1L,Lacteos,Ecommerce,Norte,Activo,0.027860510325541748,1.9050386657544744,0.0,400.5260845405217,400.5260845405217,432.5681713037635,400.5260845405217
2026-05-01,SKU-1001,Yogurt Natural 1L,Lacteos,Ecommerce,Sur,Activo,0.028499846663236083,1.9050386657544744,0.0,409.7172614805374,409.7172614805374,442.4946423989805,409.7172614805374
2026-05-01,SKU-1001,Yogurt Natural 1L,Lacteos,Mayorista,Centro,Activo,0.1151429150618285,1.9050386657544744,0.0,1655.3085493920964,1655.3085493920964,1787.7332333434642,1655.3085493920964
2026-05-01,SKU-1001,Yogurt Natural 1L,Lacteos,Mayorista,Norte,Activo,0.07518179502773056,1.9050386657544744,0.0,1080.8226281332286,1080.8226281332286,1167.288438383887,1080.8226281332286
2026-05-01,SKU-1001,Yogurt Natural 1L,Lacteos,Mayorista,Sur,Activo,0.09749099471378003,1.9050386657544744,0.0,1401.5423958287358,1401.5423958287358,1513.665787495035,1401.5423958287358
2026-05-01,SKU-1001,Yogurt Natural 1L,Lacteos,Supermercado,Centro,Activo,0.25346826968558167,1.9050386657544744,0.0,3643.890669129478,3643.890669129478,3935.401922659836,3643.890669129478
2026-05-01,SKU-1001,Yogurt Natural 1L,Lacteos,Supermercado,Norte,Activo,0.16568687073450908,1.9050386657544744,0.0,2381.9346027637444,2381.9346027637444,2572.489370984844,2381.9346027637444
2026-05-01,SKU-1001,Yogurt Natural 1L,Lacteos,Supermercado,Sur,Activo,0.17936762878988705,1.9050386657544744,0.0,2578.610844276926,2578.610844276926,2784.89971181908,2578.610844276926
2026-05-01,SKU-1002,Yogurt Frutado Pack 4,Lacteos,Ecommerce,Centro,Activo,0.0725,1.7203473106614469,0.07407407407407407,262.3620431328048,276.3614351469054,298.4703499586579,276.3614351469054
2026-05-01,SKU-1002,Yogurt Frutado Pack 4,Lacteos,Ecommerce,Norte,Activo,0.031071428571428573,1.7203473106614469,0.07407407407407407,112.44087562834493,118.44061506295948,127.91586426799627,118.44061506295948
2026-05-01,SKU-1002,Yogurt Frutado Pack 4,Lacteos,Ecommerce,Sur,Activo,0.03,1.7203473106614469,0.07407407407407407,108.56360405495371,114.35645592285742,123.50497239668604,114.35645592285742
2026-05-01,SKU-1002,Yogurt Frutado Pack 4,Lacteos,Mayorista,Centro,Activo,0.15857142857142856,1.7203473106614469,0.07407407407407407,573.8361928618981,604.4555527351035,652.811996953912,604.4555527351035
2026-05-01,SKU-1002,Yogurt Frutado Pack 4,Lacteos,Mayorista,Norte,Activo,0.07241071428571429,1.7203473106614469,0.07407407407407407,262.0389371683555,276.021088551897,298.10277563604876,276.021088551897
2026-05-01,SKU-1002,Yogurt Frutado Pack 4,Lacteos,Mayorista,Sur,Activo,0.13607142857142857,1.7203473106614469,0.07407407407407407,492.4134898206829,518.6882107929605,560.1832676563973,518.6882107929605
2026-05-01,SKU-1002,Yogurt Frutado Pack 4,Lacteos,Supermercado,Centro,Activo,0.2557142857142857,1.7203473106614469,0.07407407407407407,925.3754821827007,974.7526481043562,1052.732859952705,974.7526481043562
2026-05-01,SKU-1002,Yogurt Frutado Pack 4,Lacteos,Supermercado,Norte,Activo,0.12946428571428573,1.7203473106614469,0.07407407407407407,468.5036484514372,493.5025627623312,532.9827677833179,493.5025627623312
2026-05-01,SKU-1002,Yogurt Frutado Pack 4,Lacteos,Supermercado,Sur,Activo,0.11419642857142857,1.7203473106614469,0.07407407407407407,413.2525285306125,435.3032950158769,470.1275586171472,435.3032950158769
2026-05-01,SKU-1003,Leche Entera 1L,Lacteos,Ecommerce,Centro,Activo,0.06747388852943895,1.7639887438376745,0.0,251.4946448170789,251.4946448170789,271.6142164024452,251.4946448170789
2026-05-01,SKU-1003,Leche Entera 1L,Lacteos,Ecommerce,Norte,Activo,0.026527405490341067,1.7639887438376745,0.0,98.8752918664406,98.8752918664406,106.78531521575587,98.8752918664406
2026-05-01,SKU-1003,Leche Entera 1L,Lacteos,Ecommerce,Sur,Activo,0.03142619465754691,1.7639887438376745,0.0,117.1344921065847,117.1344921065847,126.50525147511149,117.1344921065847
2026-05-01,SKU-1003,Leche Entera 1L,Lacteos,Mayorista,Centro,Activo,0.19133006747388853,1.7639887438376745,0.0,713.1423490018539,713.1423490018539,770.1937369220022,713.1423490018539
2026-05-01,SKU-1003,Leche Entera 1L,Lacteos,Mayorista,Norte,Activo,0.06867547832516868,1.7639887438376745,0.0,255.97331657409535,255.97331657409535,276.451181900023,255.97331657409535
2026-05-01,SKU-1003,Leche Entera 1L,Lacteos,Mayorista,Sur,Activo,0.07671688695812921,1.7639887438376745,0.0,285.9459660248979,285.9459660248979,308.82164330688977,285.9459660248979
2026-05-01,SKU-1003,Leche Entera 1L,Lacteos,Supermercado,Centro,Activo,0.2942970699694981,1.7639887438376745,0.0,1096.930067256958,1096.930067256958,1184.6844726375145,1096.930067256958
2026-05-01,SKU-1003,Leche Entera 1L,Lacteos,Supermercado,Norte,Activo,0.12173028930585082,1.7639887438376745,0.0,453.7239003069766,453.7239003069766,490.02181233153476,453.7239003069766
2026-05-01,SKU-1003,Leche Entera 1L,Lacteos,Supermercado,Sur,Activo,0.12182271929013772,1.7639887438376745,0.0,454.0684135190548,454.0684135190548,490.3938866005792,454.0684135190548
2026-05-01,SKU-1004,Leche Descremada 1L,Lacteos,Ecommerce,Centro,Activo,0.06634882796980532,1.7585227272727273,0.14814814814814814,432.8606256653168,481.50279193326276,520.0230152879238,481.50279193326276
2026-05-01,SKU-1004,Leche Descremada 1L,Lacteos,Ecommerce,Norte,Activo,0.03352205005959476,1.7585227272727273,0.14814814814814814,218.69829515276112,243.27423993634162,262.73617913124895,243.27423993634162
2026-05-01,SKU-1004,Leche Descremada 1L,Lacteos,Ecommerce,Sur,Activo,0.03699841080651569,1.7585227272727273,0.14814814814814814,241.37811835378815,268.5026796334437,289.9828940041192,268.5026796334437
2026-05-01,SKU-1004,Leche Descremada 1L,Lacteos,Mayorista,Centro,Activo,0.1528108859753675,1.7585227272727273,0.14814814814814814,996.9402284222901,1108.9701278283305,1197.687738054597,1108.9701278283305
2026-05-01,SKU-1004,Leche Descremada 1L,Lacteos,Mayorista,Norte,Activo,0.07409614620580056,1.7585227272727273,0.14814814814814814,483.40423165617716,537.7261718296618,580.7442655760348,537.7261718296618
2026-05-01,SKU-1004,Leche Descremada 1L,Lacteos,Mayorista,Sur,Activo,0.1014600715137068,1.7585227272727273,0.14814814814814814,661.9268399956903,736.3100328739939,795.2148355039135,736.3100328739939
2026-05-01,SKU-1004,Leche Descremada 1L,Lacteos,Supermercado,Centro,Activo,0.27244735796583236,1.7585227272727273,0.14814814814814814,1777.4501440119222,1977.1888596900299,2135.3639684652326,1977.1888596900299
2026-05-01,SKU-1004,Leche Descremada 1L,Lacteos,Supermercado,Norte,Activo,0.13592570520460867,1.7585227272727273,0.14814814814814814,886.7810871601588,986.4319921566919,1065.3465515292273,986.4319921566919
2026-05-01,SKU-1004,Leche Descremada 1L,Lacteos,Supermercado,Sur,Activo,0.12639054429876836,1.7585227272727273,0.14814814814814814,824.5735720944845,917.2339861303545,990.612705020783,917.2339861303545
2026-05-01,SKU-1005,Queso Untable 250g,Lacteos,Ecommerce,Centro,Activo,0.061899679829242264,1.5603271983640081,0.0,324.39732452736087,324.39732452736087,350.34911048954973,324.39732452736087
2026-05-01,SKU-1005,Queso Untable 250g,Lacteos,Ecommerce,Norte,Activo,0.02834845250800427,1.5603271983640081,0.0,148.5655850475521,148.5655850475521,160.4508318513563,148.5655850475521
2026-05-01,SKU-1005,Queso Untable 250g,Lacteos,Ecommerce,Sur,Activo,0.03175026680896478,1.5603271983640081,0.0,166.39345525325837,166.39345525325837,179.70493167351904,166.39345525325837
2026-05-01,SKU-1005,Queso Untable 250g,Lacteos,Mayorista,Centro,Activo,0.17242529348986127,1.5603271983640081,0.0,903.6283231715818,903.6283231715818,975.9185890253083,903.6283231715818
2026-05-01,SKU-1005,Queso Untable 250g,Lacteos,Mayorista,Norte,Activo,0.0785752401280683,1.5603271983640081,0.0,411.7888451435679,411.7888451435679,444.7319527550534,411.7888451435679
2026-05-01,SKU-1005,Queso Untable 250g,Lacteos,Mayorista,Sur,Activo,0.08437833511205976,1.5603271983640081,0.0,442.201094318008,442.201094318008,477.5771818634487,442.201094318008
2026-05-01,SKU-1005,Queso Untable 250g,Lacteos,Supermercado,Centro,Activo,0.27881536819637137,1.5603271983640081,0.0,1461.186224702983,1461.186224702983,1578.0811226792216,1461.186224702983
2026-05-01,SKU-1005,Queso Untable 250g,Lacteos,Supermercado,Norte,Activo,0.13040288153681964,1.5603271983640081,0.0,683.4016912187398,683.4016912187398,738.0738265162389,683.4016912187398
2026-05-01,SKU-1005,Queso Untable 250g,Lacteos,Supermercado,Sur,Activo,0.13340448239060831,1.5603271983640081,0.0,699.1321649296569,699.1321649296569,755.0627381240295,699.1321649296569
2026-05-01,SKU-1006,Manjar 400g,Lacteos,Ecommerce,Centro,Activo,0.07536231884057971,1.7712687161651397,0.1111111111111111,470.7605673352538,511.103111600791,551.9913605288543,511.103111600791
2026-05-01,SKU-1006,Manjar 400g,Lacteos,Ecommerce,Norte,Activo,0.026936531734132935,1.7712687161651397,0.1111111111111111,168.26256352367494,182.6820803400705,197.29664676727617,182.6820803400705
2026-05-01,SKU-1006,Manjar 400g,Lacteos,Ecommerce,Sur,Activo,0.02703648175912044,1.7712687161651397,0.1111111111111111,168.88691440873498,183.35993592574798,198.02873079980782,183.35993592574798
2026-05-01,SKU-1006,Manjar 400g,Lacteos,Mayorista,Centro,Activo,0.17976011994003,1.7712687161651397,0.1111111111111111,1122.8950667804431,1219.1232708408788,1316.6531325081492,1219.1232708408788
2026-05-01,SKU-1006,Manjar 400g,Lacteos,Mayorista,Norte,Activo,0.06401799100449775,1.7712687161651397,0.1111111111111111,399.8967418809417,434.1665026264013,468.89982283651347,434.1665026264013
2026-05-01,SKU-1006,Manjar 400g,Lacteos,Mayorista,Sur,Activo,0.07296351824087956,1.7712687161651397,0.1111111111111111,455.77614609381334,494.83457754453235,534.421343748095,494.83457754453235
2026-05-01,SKU-1006,Manjar 400g,Lacteos,Supermercado,Centro,Activo,0.2691154422788606,1.7712687161651397,0.1111111111111111,1681.0647580240995,1825.1261644365118,1971.1362575914327,1825.1261644365118
2026-05-01,SKU-1006,Manjar 400g,Lacteos,Supermercado,Norte,Activo,0.127936031984008,1.7712687161651397,0.1111111111111111,799.1691328768235,867.6551496671252,937.0675616404953,867.6551496671252
2026-05-01,SKU-1006,Manjar 400g,Lacteos,Supermercado,Sur,Activo,0.15687156421789106,1.7712687161651397,0.1111111111111111,979.9187141016988,1063.8943417207447,1149.0058890584044,1063.8943417207447
2026-06-01,SKU-1012,Jugo Naranja 1L,Bebidas,Ecommerce,Centro,Activo,0.06152324431256182,1.675392670157068,0.0,645.7975229203503,645.7975229203503,697.4613247539784,645.7975229203503
2026-06-01,SKU-1012,Jugo Naranja 1L,Bebidas,Ecommerce,Norte,Activo,0.03132212331025387,1.675392670157068,0.0,328.78223299803466,328.78223299803466,355.08481163787746,328.78223299803466
2026-06-01,SKU-1012,Jugo Naranja 1L,Bebidas,Ecommerce,Sur,Activo,0.033926805143422355,1.675392670157068,0.0,356.12307132102916,356.12307132102916,384.6129170267115,356.12307132102916
2026-06-01,SKU-1012,Jugo Naranja 1L,Bebidas,Mayorista,Centro,Activo,0.17085393999340587,1.675392670157068,0.0,1793.4205593640165,1793.4205593640165,1936.8942041131381,1793.4205593640165
2026-06-01,SKU-1012,Jugo Naranja 1L,Bebidas,Mayorista,Norte,Activo,0.08038245961094626,1.675392670157068,0.0,843.7590358412722,843.7590358412722,911.2597587085739,843.7590358412722
2026-06-01,SKU-1012,Jugo Naranja 1L,Bebidas,Mayorista,Sur,Activo,0.09479063633366304,1.675392670157068,0.0,994.9988630203682,994.9988630203682,1074.5987720619976,994.9988630203682
2026-06-01,SKU-1012,Jugo Naranja 1L,Bebidas,Supermercado,Centro,Activo,0.271513353115727,1.675392670157068,0.0,2850.0228302513847,2850.0228302513847,3078.024656671496,2850.0228302513847
2026-06-01,SKU-1012,Jugo Naranja 1L,Bebidas,Supermercado,Norte,Activo,0.11374876360039565,1.675392670157068,0.0,1193.998635624442,1193.998635624442,1289.5185264743973,1193.998635624442
2026-06-01,SKU-1012,Jugo Naranja 1L,Bebidas,Supermercado,Sur,Activo,0.14193867457962414,1.675392670157068,0.0,1489.9026453226732,1489.9026453226732,1609.094856948487,1489.9026453226732
2026-06-01,SKU-1013,Jugo Manzana 1L,Bebidas,Ecommerce,Centro,Activo,0.0714764950574764,1.6965448589199297,0.0,966.4028892203153,966.4028892203153,1043.7151203579406,966.4028892203153
2026-06-01,SKU-1013,Jugo Manzana 1L,Bebidas,Ecommerce,Norte,Activo,0.025294091336046876,1.6965448589199297,0.0,341.9905092954245,341.9905092954245,369.3497500390585,341.9905092954245
2026-06-01,SKU-1013,Jugo Manzana 1L,Bebidas,Ecommerce,Sur,Activo,0.03359126895379523,1.6965448589199297,0.0,454.173072468371,454.173072468371,490.5069182658407,454.173072468371
2026-06-01,SKU-1013,Jugo Manzana 1L,Bebidas,Mayorista,Centro,Activo,0.16359529453862326,1.6965448589199297,0.0,2211.9014814288507,2211.9014814288507,2388.853599943159,2211.9014814288507
2026-06-01,SKU-1013,Jugo Manzana 1L,Bebidas,Mayorista,Norte,Activo,0.07165540993872166,1.6965448589199297,0.0,968.821920232131,968.821920232131,1046.3276738507016,968.821920232131
2026-06-01,SKU-1013,Jugo Manzana 1L,Bebidas,Mayorista,Sur,Activo,0.0721921545824574,1.6965448589199297,0.0,976.0790132675776,976.0790132675776,1054.1653343289838,976.0790132675776
2026-06-01,SKU-1013,Jugo Manzana 1L,Bebidas,Supermercado,Centro,Activo,0.2791072147425862,1.6965448589199297,0.0,3773.6883784322704,3773.6883784322704,4075.5834487068523,3773.6883784322704
2026-06-01,SKU-1013,Jugo Manzana 1L,Bebidas,Supermercado,Norte,Activo,0.14919264659838083,1.6965448589199297,0.0,2017.1694849776984,2017.1694849776984,2178.5430437759146,2017.1694849776984
2026-06-01,SKU-1013,Jugo Manzana 1L,Bebidas,Supermercado,Sur,Activo,0.13389542425191214,1.6965448589199297,0.0,1810.342333467468,1810.342333467468,1955.1697201448656,1810.342333467468
2026-06-01,SKU-1014,Agua Saborizada 500ml,Bebidas,Ecommerce,Centro,Activo,0.058016376491630106,1.690721649484536,0.1111111111111111,635.8067261807117,684.6028895874788,739.371120754477,684.6028895874788
2026-06-01,SKU-1014,Agua Saborizada 500ml,Bebidas,Ecommerce,Norte,Activo,0.022887963558114188,1.690721649484536,0.1111111111111111,250.83126625337323,270.0817758054649,291.68831786990205,270.0817758054649
2026-06-01,SKU-1014,Agua Saborizada 500ml,Bebidas,Ecommerce,Sur,Activo,0.03700081044071207,1.690721649484536,0.1111111111111111,405.49523384550207,436.61571570993345,471.54497296672815,436.61571570993345
2026-06-01,SKU-1014,Agua Saborizada 500ml,Bebidas,Mayorista,Centro,Activo,0.1278540088869016,1.690721649484536,0.1111111111111111,1401.1636667999787,1508.6985644810766,1629.3944496395627,1508.6985644810766
2026-06-01,SKU-1014,Agua Saborizada 500ml,Bebidas,Mayorista,Norte,Activo,0.06251571975519102,1.690721649484536,0.1111111111111111,685.1154366407766,737.6958882500916,796.7115593100989,737.6958882500916
2026-06-01,SKU-1014,Agua Saborizada 500ml,Bebidas,Mayorista,Sur,Activo,0.08051309280943465,1.690721649484536,0.1111111111111111,882.3502784810358,950.0678829005426,1026.0733135325859,950.0678829005426
2026-06-01,SKU-1014,Agua Saborizada 500ml,Bebidas,Supermercado,Centro,Activo,0.3135008244138278,1.690721649484536,0.1111111111111111,3435.683937521784,3699.3618571254033,3995.310805695435,3699.3618571254033
2026-06-01,SKU-1014,Agua Saborizada 500ml,Bebidas,Supermercado,Norte,Activo,0.11849202135092082,1.690721649484536,0.1111111111111111,1298.5647972091606,1398.2255548414787,1510.0835992287969,1398.2255548414787
2026-06-01,SKU-1014,Agua Saborizada 500ml,Bebidas,Supermercado,Sur,Activo,0.17921918229326775,1.690721649484536,0.1111111111111111,1964.0792557788554,2114.8161516977366,2284.0014438335556,2114.8161516977366
2026-06-01,SKU-1015,Bebida Isotonica 600ml,Bebidas,Ecommerce,Centro,Activo,0.05700424499696786,1.6883561643835616,0.14814814814814814,249.3323607933919,274.75894857597524,296.73966446205327,274.75894857597524
2026-06-01,SKU-1015,Bebida Isotonica 600ml,Bebidas,Ecommerce,Norte,Activo,0.02385284010511421,1.6883561643835616,0.14814814814814814,104.33056231780228,114.97005649633005,124.16766101603646,114.97005649633005
2026-06-01,SKU-1015,Bebida Isotonica 600ml,Bebidas,Ecommerce,Sur,Activo,0.025537362711407587,1.6883561643835616,0.14814814814814814,111.69853988261883,123.08941076866975,132.93656363016333,123.08941076866975
2026-06-01,SKU-1015,Bebida Isotonica 600ml,Bebidas,Mayorista,Centro,Activo,0.22383936392426387,1.6883561643835616,0.14814814814814814,979.0568588128226,1078.8997957084985,1165.2117793651785,1078.8997957084985
2026-06-01,SKU-1015,Bebida Isotonica 600ml,Bebidas,Mayorista,Norte,Activo,0.06394447813489657,1.6883561643835616,0.14814814814814814,279.68842836043603,308.2106881780147,332.86754323225597,308.2106881780147
2026-06-01,SKU-1015,Bebida Isotonica 600ml,Bebidas,Mayorista,Sur,Activo,0.07708375446398491,1.6883561643835616,0.14814814814814814,337.1586533660051,371.54165150226436,401.2649836224456,371.54165150226436
2026-06-01,SKU-1015,Bebida Isotonica 600ml,Bebidas,Supermercado,Centro,Activo,0.27875480088942794,1.6883561643835616,0.14814814814814814,1219.252927425842,1343.5907449867725,1451.0780045857143,1343.5907449867725
2026-06-01,SKU-1015,Bebida Isotonica 600ml,Bebidas,Supermercado,Norte,Activo,0.13631156930126,1.6883561643835616,0.14814814814814814,596.2167445449548,657.018147717728,709.5795995351463,657.018147717728
2026-06-01,SKU-1015,Bebida Isotonica 600ml,Bebidas,Supermercado,Sur,Activo,0.11367158547267704,1.6883561643835616,0.14814814814814814,497.1911260738205,547.8940262974825,591.7255484012811,547.8940262974825
2026-06-01,SKU-1016,Te Helado 1.5L,Bebidas,Ecommerce,Centro,Activo,0.05785055957867018,1.5667870036101084,0.0,225.74574948445368,225.74574948445368,243.80540944321,225.74574948445368
2026-06-01,SKU-1016,Te Helado 1.5L,Bebidas,Ecommerce,Norte,Activo,0.027320605661619486,1.5667870036101084,0.0,106.61107941513318,106.61107941513318,115.13996576834384,106.61107941513318
2026-06-01,SKU-1016,Te Helado 1.5L,Bebidas,Ecommerce,Sur,Activo,0.029624753127057275,1.5667870036101084,0.0,115.60237526942153,115.60237526942153,124.85056529097525,115.60237526942153
2026-06-01,SKU-1016,Te Helado 1.5L,Bebidas,Mayorista,Centro,Activo,0.15923304805793284,1.5667870036101084,0.0,621.3627670731406,621.3627670731406,671.0717884389919,621.3627670731406
2026-06-01,SKU-1016,Te Helado 1.5L,Bebidas,Mayorista,Norte,Activo,0.06394009216589862,1.5667870036101084,0.0,249.50845995650147,249.50845995650147,269.4691367530216,249.50845995650147
2026-06-01,SKU-1016,Te Helado 1.5L,Bebidas,Mayorista,Sur,Activo,0.08187952600394997,1.5667870036101084,0.0,319.51212053631787,319.51212053631787,345.0730901792233,319.51212053631787
2026-06-01,SKU-1016,Te Helado 1.5L,Bebidas,Supermercado,Centro,Activo,0.2903225806451613,1.5667870036101084,0.0,1132.903277640331,1132.903277640331,1223.5355398515576,1132.903277640331
2026-06-01,SKU-1016,Te Helado 1.5L,Bebidas,Supermercado,Norte,Activo,0.17346938775510204,1.5667870036101084,0.0,676.9161307442794,676.9161307442794,731.0694212038218,676.9161307442794
2026-06-01,SKU-1016,Te Helado 1.5L,Bebidas,Supermercado,Sur,Activo,0.11635944700460829,1.5667870036101084,0.0,454.0604406415612,454.0604406415612,490.3852758928861,454.0604406415612
2026-06-01,SKU-1017,Nectar Durazno 1L,Bebidas,Ecommerce,Centro,Activo,0.05651164652205235,1.6616982440073014,0.07407407407407407,234.75056610283352,246.2567910932013,265.95733438065736,246.2567910932013
2026-06-01,SKU-1017,Nectar Durazno 1L,Bebidas,Ecommerce,Norte,Activo,0.030176899063475548,1.6616982440073014,0.07407407407407407,125.3554722673771,131.49973122115705,142.0197097188496,131.49973122115705
2026-06-01,SKU-1017,Nectar Durazno 1L,Bebidas,Ecommerce,Sur,Activo,0.04050268150164092,1.6616982440073014,0.07407407407407407,168.24898930316397,176.4956604718978,190.61531330964962,176.4956604718978
2026-06-01,SKU-1017,Nectar Durazno 1L,Bebidas,Mayorista,Centro,Activo,0.16513247418554391,1.6616982440073014,0.07407407407407407,685.9637646885914,719.5860623587454,777.152947347445,719.5860623587454
2026-06-01,SKU-1017,Nectar Durazno 1L,Bebidas,Mayorista,Norte,Activo,0.0683582806371568,1.6616982440073014,0.07407407407407407,283.96173293458895,297.8800277529658,321.7104299732031,297.8800277529658
2026-06-01,SKU-1017,Nectar Durazno 1L,Bebidas,Mayorista,Sur,Activo,0.0906107420155287,1.6616982440073014,0.07407407407407407,376.39892468612965,394.84799931657767,426.4358392619039,394.84799931657767
2026-06-01,SKU-1017,Nectar Durazno 1L,Bebidas,Supermercado,Centro,Activo,0.275914512126791,1.6616982440073014,0.07407407407407407,1146.1546761423047,1202.3330862581654,1298.5197331588188,1202.3330862581654
2026-06-01,SKU-1017,Nectar Durazno 1L,Bebidas,Supermercado,Norte,Activo,0.14320019210758025,1.6616982440073014,0.07407407407407407,594.8566044730442,624.0133134075596,673.9343784801644,624.0133134075596
2026-06-01,SKU-1017,Nectar Durazno 1L,Bebidas,Supermercado,Sur,Activo,0.12959257184023054,1.6616982440073014,0.07407407407407407,538.330264193325,564.7163523794517,609.8936605698078,564.7163523794517
2026-06-01,SKU-1018,Arroz Grano Largo 1kg,Despensa,Ecommerce,Centro,Activo,0.06723356009070294,1.7129528844658684,0.07407407407407407,562.6033513546563,592.3151796626909,639.7003940357062,592.3151796626909
2026-06-01,SKU-1018,Arroz Grano Largo 1kg,Despensa,Ecommerce,Norte,Activo,0.04334845049130764,1.7129528844658684,0.07407407407407407,362.7352692545199,381.8917993665579,412.4431433158826,381.8917993665579
2026-06-01,SKU-1018,Arroz Grano Largo 1kg,Despensa,Ecommerce,Sur,Activo,0.02962962962962963,1.7129528844658684,0.07407407407407407,247.9376208330807,261.0315350508992,281.9140578549712,261.0315350508992
2026-06-01,SKU-1018,Arroz Grano Largo 1kg,Despensa,Mayorista,Centro,Activo,0.15052910052910054,1.7129528844658684,0.07407407407407407,1259.6116629823475,1326.1334236068005,1432.2240974953447,1326.1334236068005
2026-06-01,SKU-1018,Arroz Grano Largo 1kg,Despensa,Mayorista,Norte,Activo,0.0672713529856387,1.7129528844658684,0.07407407407407407,562.9195983200046,592.6481280492354,640.0599782931744,592.6481280492354
2026-06-01,SKU-1018,Arroz Grano Largo 1kg,Despensa,Mayorista,Sur,Activo,0.07229780801209372,1.7129528844658684,0.07407407407407407,604.9804447113307,636.9302634596557,687.8846845364283,636.9302634596557
2026-06-01,SKU-1018,Arroz Grano Largo 1kg,Despensa,Supermercado,Centro,Activo,0.30910808767951625,1.7129528844658684,0.07407407407407407,2586.5839295838864,2723.1848535475824,2941.039641831389,2723.1848535475824
2026-06-01,SKU-1018,Arroz Grano Largo 1kg,Despensa,Supermercado,Norte,Activo,0.1436885865457294,1.7129528844658684,0.07407407407407407,1202.3709622543022,1265.8697656422435,1367.139346893623,1265.8697656422435
2026-06-01,SKU-1018,Arroz Grano Largo 1kg,Despensa,Supermercado,Sur,Activo,0.11689342403628118,1.7129528844658684,0.07407407407407407,978.1518638223451,1029.8093595821827,1112.1941083487575,1029.8093595821827
2026-06-01,SKU-1019,Fideos Spaghetti 400g,Despensa,Ecommerce,Centro,Activo,0.06682701683676787,1.8031651182739419,0.07407407407407407,179.16280014138138,189.82186025736976,205.00760907795936,189.82186025736976
2026-06-01,SKU-1019,Fideos Spaghetti 400g,Despensa,Ecommerce,Norte,Activo,0.0260027302866801,1.8031651182739419,0.07407407407407407,69.71315180598496,73.86064601454076,79.76949769570402,73.86064601454076
2026-06-01,SKU-1019,Fideos Spaghetti 400g,Despensa,Ecommerce,Sur,Activo,0.027432880452447506,1.8031651182739419,0.07407407407407407,73.54737515531414,77.92298154534049,84.15682006896775,77.92298154534049
2026-06-01,SKU-1019,Fideos Spaghetti 400g,Despensa,Mayorista,Centro,Activo,0.18572450107261262,1.8031651182739419,0.07407407407407407,497.92618677424764,527.5496641588574,569.753637291566,527.5496641588574
2026-06-01,SKU-1019,Fideos Spaghetti 400g,Despensa,Mayorista,Norte,Activo,0.0737177403627381,1.8031651182739419,0.07407407407407407,197.6367853699674,209.39493145122307,226.1465259673209,209.39493145122307
2026-06-01,SKU-1019,Fideos Spaghetti 400g,Despensa,Mayorista,Sur,Activo,0.0789182864200741,1.8031651182739419,0.07407407407407407,211.57941573116437,224.1670606541312,242.1004255064617,224.1670606541312
2026-06-01,SKU-1019,Fideos Spaghetti 400g,Despensa,Supermercado,Centro,Activo,0.2896704153936163,1.8031651182739419,0.07407407407407407,776.6045111186726,822.8075966019841,888.6322043301428,822.8075966019841
2026-06-01,SKU-1019,Fideos Spaghetti 400g,Despensa,Supermercado,Norte,Activo,0.11948254566729506,1.8031651182739419,0.07407407407407407,320.3319325485009,339.38966843681476,366.54084191175997,339.38966843681476
2026-06-01,SKU-1019,Fideos Spaghetti 400g,Despensa,Supermercado,Sur,Activo,0.13222388350776831,1.8031651182739419,0.07407407407407407,354.49137693343357,375.58138498393976,405.62789578265495,375.58138498393976
2026-06-01,SKU-1020,Aceite Vegetal 900ml,Despensa,Ecommerce,Centro,Activo,0.06432463562663358,1.72162451140297,0.0,1091.2666750613062,1091.2666750613062,1178.5680090662108,1091.2666750613062
2026-06-01,SKU-1020,Aceite Vegetal 900ml,Despensa,Ecommerce,Norte,Activo,0.030766845346210075,1.72162451140297,0.0,521.959163794819,521.959163794819,563.7158968984047,521.959163794819
2026-06-01,SKU-1020,Aceite Vegetal 900ml,Despensa,Ecommerce,Sur,Activo,0.0416426704469942,1.72162451140297,0.0,706.4674067201295,706.4674067201295,762.98479925774,706.4674067201295
2026-06-01,SKU-1020,Aceite Vegetal 900ml,Despensa,Mayorista,Centro,Activo,0.1648651043281797,1.72162451140297,0.0,2796.934525647832,2796.934525647832,3020.6892876996585,2796.934525647832
2026-06-01,SKU-1020,Aceite Vegetal 900ml,Despensa,Mayorista,Norte,Activo,0.07356133433748284,1.72162451140297,0.0,1247.967158360399,1247.967158360399,1347.8045310292312,1247.967158360399
2026-06-01,SKU-1020,Aceite Vegetal 900ml,Despensa,Mayorista,Sur,Activo,0.08246577769902096,1.72162451140297,0.0,1399.03093362715,1399.03093362715,1510.953408317322,1399.03093362715
2026-06-01,SKU-1020,Aceite Vegetal 900ml,Despensa,Supermercado,Centro,Activo,0.2716519735967749,1.72162451140297,0.0,4608.572487242376,4608.572487242376,4977.258286221767,4608.572487242376
2026-06-01,SKU-1020,Aceite Vegetal 900ml,Despensa,Supermercado,Norte,Activo,0.11781774686572453,1.72162451140297,0.0,1998.776668268281,1998.776668268281,2158.678801729744,1998.776668268281
2026-06-01,SKU-1020,Aceite Vegetal 900ml,Despensa,Supermercado,Sur,Activo,0.1529039117529792,1.72162451140297,0.0,2594.0130364835386,2594.0130364835386,2801.5340794022222,2594.0130364835386
2026-06-01,SKU-1021,Azucar 1kg,Despensa,Ecommerce,Centro,Pausado,0.07695466913085887,2.4424173318129987,0.0,0.0,0.0,0.0,0.0
2026-06-01,SKU-1021,Azucar 1kg,Despensa,Ecommerce,Norte,Pausado,0.03840032855896093,2.4424173318129987,0.0,0.0,0.0,0.0,0.0
2026-06-01,SKU-1021,Azucar 1kg,Despensa,Ecommerce,Sur,Pausado,0.035628112326094766,2.4424173318129987,0.0,0.0,0.0,0.0,0.0
2026-06-01,SKU-1021,Azucar 1kg,Despensa,Mayorista,Centro,Pausado,0.15113712202885157,2.4424173318129987,0.0,0.0,0.0,0.0,0.0
2026-06-01,SKU-1021,Azucar 1kg,Despensa,Mayorista,Norte,Pausado,0.06442835874531547,2.4424173318129987,0.0,0.0,0.0,0.0,0.0
2026-06-01,SKU-1021,Azucar 1kg,Despensa,Mayorista,Sur,Pausado,0.11032393860054418,2.4424173318129987,0.0,0.0,0.0,0.0,0.0
2026-06-01,SKU-1021,Azucar 1kg,Despensa,Supermercado,Centro,Pausado,0.27773499666307305,2.4424173318129987,0.0,0.0,0.0,0.0,0.0
2026-06-01,SKU-1021,Azucar 1kg,Despensa,Supermercado,Norte,Pausado,0.12105344216848914,2.4424173318129987,0.0,0.0,0.0,0.0,0.0
2026-06-01,SKU-1021,Azucar 1kg,Despensa,Supermercado,Sur,Pausado,0.124339031777812,2.4424173318129987,0.0,0.0,0.0,0.0,0.0
2026-06-01,SKU-1022,Harina 1kg,Despensa,Ecommerce,Centro,Activo,0.059870708653704884,1.733144863107313,0.0,772.1877415640441,772.1877415640441,833.9627608891677,772.1877415640441
2026-06-01,SKU-1022,Harina 1kg,Despensa,Ecommerce,Norte,Activo,0.03273911552965375,1.733144863107313,0.0,422.2556280045509,422.2556280045509,456.03607824491496,422.2556280045509
2026-06-01,SKU-1022,Harina 1kg,Despensa,Ecommerce,Sur,Activo,0.030486311768450954,1.733144863107313,0.0,393.1998929436544,393.1998929436544,424.65588437914676,393.1998929436544
2026-06-01,SKU-1022,Harina 1kg,Despensa,Mayorista,Centro,Activo,0.19898134090797787,1.733144863107313,0.0,2566.379381574406,2566.379381574406,2771.6897321003585,2566.379381574406
2026-06-01,SKU-1022,Harina 1kg,Despensa,Mayorista,Norte,Activo,0.08012145550712571,1.733144863107313,0.0,1033.3735339049292,1033.3735339049292,1116.0434166173236,1033.3735339049292
2026-06-01,SKU-1022,Harina 1kg,Despensa,Mayorista,Sur,Activo,0.10962828737940154,1.733144863107313,0.0,1413.9404985612375,1413.9404985612375,1527.0557384461365,1413.9404985612375
2026-06-01,SKU-1022,Harina 1kg,Despensa,Supermercado,Centro,Activo,0.24655957686468485,1.733144863107313,0.0,3180.023873132254,3180.023873132254,3434.425782982834,3180.023873132254
2026-06-01,SKU-1022,Harina 1kg,Despensa,Supermercado,Norte,Activo,0.11060776727557667,1.733144863107313,0.0,1426.5734268485837,1426.5734268485837,1540.6993009964706,1426.5734268485837
2026-06-01,SKU-1022,Harina 1kg,Despensa,Supermercado,Sur,Activo,0.13100543611342377,1.733144863107313,0.0,1689.654158432571,1689.654158432571,1824.8264911071767,1689.654158432571
2026-06-01,SKU-1023,Salsa Tomate 200g,Despensa,Ecommerce,Centro,Activo,0.05430893322821275,1.5941085046692045,0.0,615.9682695109401,615.9682695109401,665.2457310718154,615.9682695109401
2026-06-01,SKU-1023,Salsa Tomate 200g,Despensa,Ecommerce,Norte,Activo,0.033294923888653044,1.5941085046692045,0.0,377.6287883433904,377.6287883433904,407.83909141086167,377.6287883433904
2026-06-01,SKU-1023,Salsa Tomate 200g,Despensa,Ecommerce,Sur,Activo,0.03517496512826733,1.5941085046692045,0.0,398.95208968882775,398.95208968882775,430.868256863934,398.95208968882775
2026-06-01,SKU-1023,Salsa Tomate 200g,Despensa,Mayorista,Centro,Activo,0.1629874461762387,1.5941085046692045,0.0,1848.592656963318,1848.592656963318,1996.4800695203837,1848.592656963318
2026-06-01,SKU-1023,Salsa Tomate 200g,Despensa,Mayorista,Norte,Activo,0.08308569349263145,1.5941085046692045,0.0,942.352349782231,942.352349782231,1017.7405377648096,942.352349782231
2026-06-01,SKU-1023,Salsa Tomate 200g,Despensa,Mayorista,Sur,Activo,0.0780520346897932,1.5941085046692045,0.0,885.2609300508989,885.2609300508989,956.0818044549708,885.2609300508989
2026-06-01,SKU-1023,Salsa Tomate 200g,Despensa,Supermercado,Centro,Activo,0.2995026987688762,1.5941085046692045,0.0,3396.9394740142684,3396.9394740142684,3668.69463193541,3396.9394740142684
2026-06-01,SKU-1023,Salsa Tomate 200g,Despensa,Supermercado,Norte,Activo,0.1180787191460974,1.5941085046692045,0.0,1339.2408941795647,1339.2408941795647,1446.3801657139302,1339.2408941795647
2026-06-01,SKU-1023,Salsa Tomate 200g,Despensa,Supermercado,Sur,Activo,0.1355145854812299,1.5941085046692045,0.0,1536.9973179477338,1536.9973179477338,1659.9571033835525,1536.9973179477338
2026-06-01,SKU-1024,Atun Lomitos 160g,Despensa,Ecommerce,Centro,Activo,0.05684280713452242,1.7532984293193716,0.0,723.9935833338293,723.9935833338293,781.9130700005356,723.9935833338293
2026-06-01,SKU-1024,Atun Lomitos 160g,Despensa,Ecommerce,Norte,Activo,0.031144079568817026,1.7532984293193716,0.0,396.6748811912134,396.6748811912134,428.4088716865105,396.6748811912134
2026-06-01,SKU-1024,Atun Lomitos 160g,Despensa,Ecommerce,Sur,Activo,0.03156081569150414,1.7532984293193716,0.0,401.9827520367693,401.9827520367693,434.1413721997109,401.9827520367693
2026-06-01,SKU-1024,Atun Lomitos 160g,Despensa,Mayorista,Centro,Activo,0.19853308884814136,1.7532984293193716,0.0,2528.6696708228465,2528.6696708228465,2730.9632444886743,2528.6696708228465
2026-06-01,SKU-1024,Atun Lomitos 160g,Despensa,Mayorista,Norte,Activo,0.0681502472634328,1.7532984293193716,0.0,868.0138122765802,868.0138122765802,937.4549172587068,868.0138122765802
2026-06-01,SKU-1024,Atun Lomitos 160g,Despensa,Mayorista,Sur,Activo,0.0718175251430794,1.7532984293193716,0.0,914.7230757174724,914.7230757174724,987.9009217748703,914.7230757174724
2026-06-01,SKU-1024,Atun Lomitos 160g,Despensa,Supermercado,Centro,Activo,0.2849085958770906,1.7532984293193716,0.0,3628.8143680784056,3628.8143680784056,3919.1195175246785,3628.8143680784056
2026-06-01,SKU-1024,Atun Lomitos 160g,Despensa,Supermercado,Norte,Activo,0.12163138300827915,1.7532984293193716,0.0,1549.1905707895914,1549.1905707895914,1673.125816452759,1549.1905707895914
2026-06-01,SKU-1024,Atun Lomitos 160g,Despensa,Supermercado,Sur,Activo,0.13541145746513308,1.7532984293193716,0.0,1724.704166749308,1724.704166749308,1862.6805000892527,1724.704166749308
2026-06-01,SKU-1025,Legumbres Mix 500g,Despensa,Ecommerce,Centro,Activo,0.058155153011217195,1.7396449704142012,0.0,562.2754805973333,562.2754805973333,607.2575190451199,562.2754805973333
2026-06-01,SKU-1025,Legumbres Mix 500g,Despensa,Ecommerce,Norte,Activo,0.034450212364322795,1.7396449704142012,0.0,333.08329031639784,333.08329031639784,359.7299535417096,333.08329031639784
2026-06-01,SKU-1025,Legumbres Mix 500g,Despensa,Ecommerce,Sur,Activo,0.03005771953388754,1.7396449704142012,0.0,290.6142933424419,290.6142933424419,313.8634368098373,290.6142933424419
2026-06-01,SKU-1025,Legumbres Mix 500g,Despensa,Mayorista,Centro,Activo,0.15773042436562965,1.7396449704142012,0.0,1525.0230731556885,1525.0230731556885,1647.0249190081436,1525.0230731556885
2026-06-01,SKU-1025,Legumbres Mix 500g,Despensa,Mayorista,Norte,Activo,0.07086071078520347,1.7396449704142012,0.0,685.1196867203461,685.1196867203461,739.9292616579738,685.1196867203461
2026-06-01,SKU-1025,Legumbres Mix 500g,Despensa,Mayorista,Sur,Activo,0.06487094783460993,1.7396449704142012,0.0,627.2074181194972,627.2074181194972,677.384011569057,627.2074181194972
2026-06-01,SKU-1025,Legumbres Mix 500g,Despensa,Supermercado,Centro,Activo,0.2930264638617635,1.7396449704142012,0.0,2833.1383766427425,2833.1383766427425,3059.789446774162,2833.1383766427425
2026-06-01,SKU-1025,Legumbres Mix 500g,Despensa,Supermercado,Norte,Activo,0.13623988093077286,1.7396449704142012,0.0,1317.240873084764,1317.240873084764,1422.620142931545,1317.240873084764
2026-06-01,SKU-1025,Legumbres Mix 500g,Despensa,Supermercado,Sur,Activo,0.15460848731259302,1.7396449704142012,0.0,1494.838496794034,1494.838496794034,1614.4255765375567,1494.838496794034
2026-06-01,SKU-1007,Galleta Avena 180g,Galletas,Ecommerce,Centro,Activo,0.07078202294495316,1.8868673503142575,0.1111111111111111,493.3062983122974,541.9171038320264,585.2704721385886,541.9171038320264
2026-06-01,SKU-1007,Galleta Avena 180g,Galletas,Ecommerce,Norte,Activo,0.04825807809704242,1.8868673503142575,0.1111111111111111,336.32853200920204,369.4706202334337,399.0282698521084,369.4706202334337
2026-06-01,SKU-1007,Galleta Avena 180g,Galletas,Ecommerce,Sur,Activo,0.03294390064203768,1.8868673503142575,0.1111111111111111,229.5983217423778,252.22312788018482,272.4009781105996,252.22312788018482
2026-06-01,SKU-1007,Galleta Avena 180g,Galletas,Mayorista,Centro,Activo,0.1866119355857278,1.8868673503142575,0.1111111111111111,1300.5681292307854,1428.7271748612386,1543.0253488501378,1428.7271748612386
2026-06-01,SKU-1007,Galleta Avena 180g,Galletas,Mayorista,Norte,Activo,0.0898326491948216,1.8868673503142575,0.1111111111111111,626.0772128022987,687.7713726700887,742.7930824836958,687.7713726700887
2026-06-01,SKU-1007,Galleta Avena 180g,Galletas,Mayorista,Sur,Activo,0.0730449426376171,1.8868673503142575,0.1111111111111111,509.0774290390103,559.2423346608572,603.9817214337257,559.2423346608572
2026-06-01,SKU-1007,Galleta Avena 180g,Galletas,Supermercado,Centro,Activo,0.2530786233028102,1.8868673503142575,0.1111111111111111,1763.7992480177236,1937.6054664150302,2092.6139037282323,1937.6054664150302
2026-06-01,SKU-1007,Galleta Avena 180g,Galletas,Supermercado,Norte,Activo,0.12056625618355962,1.8868673503142575,0.1111111111111111,840.2711742999802,923.0721820662994,996.9179566316034,923.0721820662994
2026-06-01,SKU-1007,Galleta Avena 180g,Galletas,Supermercado,Sur,Activo,0.12488159141143038,1.8868673503142575,0.1111111111111111,870.3463538253396,956.1109943445346,1032.5998738920973,956.1109943445346
2026-06-01,SKU-1008,Galleta Chocolate 200g,Galletas,Ecommerce,Centro,Activo,0.06509411063792228,1.8100584222042841,0.1111111111111111,1080.334275393371,1177.571373013189,1271.7770828542443,1177.571373013189
2026-06-01,SKU-1008,Galleta Chocolate 200g,Galletas,Ecommerce,Norte,Activo,0.030009488294092987,1.8100584222042841,0.1111111111111111,498.0524117067744,542.880361795911,586.3107907395839,542.880361795911
2026-06-01,SKU-1008,Galleta Chocolate 200g,Galletas,Ecommerce,Sur,Activo,0.03067146230058033,1.8100584222042841,0.1111111111111111,509.0388619650121,554.8556638943502,599.2441170058983,554.8556638943502
2026-06-01,SKU-1008,Galleta Chocolate 200g,Galletas,Mayorista,Centro,Activo,0.15181270548776452,1.8100584222042841,0.1111111111111111,2519.5592592225057,2746.3359479087258,2966.0428237414244,2746.3359479087258
2026-06-01,SKU-1008,Galleta Chocolate 200g,Galletas,Mayorista,Norte,Activo,0.08830733246541186,1.8100584222042841,0.1111111111111111,1465.5924644489053,1597.505299931791,1725.3057239263344,1597.505299931791
2026-06-01,SKU-1008,Galleta Chocolate 200g,Galletas,Mayorista,Sur,Activo,0.07114013989717337,1.8100584222042841,0.1111111111111111,1180.6771877519416,1286.9457988456006,1389.9014627532488,1286.9457988456006
2026-06-01,SKU-1008,Galleta Chocolate 200g,Galletas,Supermercado,Centro,Activo,0.2551468479004391,1.8100584222042841,0.1111111111111111,4234.544144533406,4615.680605475087,4984.935053913095,4615.680605475087
2026-06-01,SKU-1008,Galleta Chocolate 200g,Galletas,Supermercado,Norte,Activo,0.1338952757121737,1.8100584222042841,0.1111111111111111,2222.1926722328726,2422.204437777638,2615.980792799849,2422.204437777638
2026-06-01,SKU-1008,Galleta Chocolate 200g,Galletas,Supermercado,Sur,Activo,0.17392263730444185,1.8100584222042841,0.1111111111111111,2886.506697847644,3146.3110379965956,3398.0159210363236,3146.3110379965956
2026-06-01,SKU-1009,Galleta Salada 150g,Galletas,Ecommerce,Centro,Activo,0.08756994404476419,1.7821671358843614,0.0,1389.2382840755215,1389.2382840755215,1500.3773468015634,1389.2382840755215
2026-06-01,SKU-1009,Galleta Salada 150g,Galletas,Ecommerce,Norte,Activo,0.03633093525179856,1.7821671358843614,0.0,576.365860440278,576.365860440278,622.4751292755003,576.365860440278
2026-06-01,SKU-1009,Galleta Salada 150g,Galletas,Ecommerce,Sur,Activo,0.031914468425259794,1.7821671358843614,0.0,506.3015836760858,506.3015836760858,546.8057103701727,506.3015836760858
2026-06-01,SKU-1009,Galleta Salada 150g,Galletas,Mayorista,Centro,Activo,0.1604916067146283,1.7821671358843614,0.0,2546.09143300103,2546.09143300103,2749.7787476411127,2546.09143300103
2026-06-01,SKU-1009,Galleta Salada 150g,Galletas,Mayorista,Norte,Activo,0.07815747402078338,1.7821671358843614,0.0,1239.9157756776278,1239.9157756776278,1339.109037731838,1239.9157756776278
2026-06-01,SKU-1009,Galleta Salada 150g,Galletas,Mayorista,Sur,Activo,0.07975619504396483,1.7821671358843614,0.0,1265.2784098004124,1265.2784098004124,1366.5006825844455,1265.2784098004124
2026-06-01,SKU-1009,Galleta Salada 150g,Galletas,Supermercado,Centro,Activo,0.25385691446842523,1.7821671358843614,0.0,4027.2692657716448,4027.2692657716448,4349.450807033377,4027.2692657716448
2026-06-01,SKU-1009,Galleta Salada 150g,Galletas,Supermercado,Norte,Activo,0.14238609112709832,1.7821671358843614,0.0,2258.8596015604953,2258.8596015604953,2439.5683696853353,2258.8596015604953
2026-06-01,SKU-1009,Galleta Salada 150g,Galletas,Supermercado,Sur,Activo,0.12953637090327738,1.7821671358843614,0.0,2055.007429798615,2055.007429798615,2219.4080241825045,2055.007429798615
2026-06-01,SKU-1010,Barra Cereal Pack 6,Galletas,Ecommerce,Centro,Activo,0.06806613412595207,1.6293423816448538,0.0,575.7918029300664,575.7918029300664,621.8551471644718,575.7918029300664
2026-06-01,SKU-1010,Barra Cereal Pack 6,Galletas,Ecommerce,Norte,Activo,0.034813301133197104,1.6293423816448538,0.0,294.49613501390405,294.49613501390405,318.0558258150164,294.49613501390405
2026-06-01,SKU-1010,Barra Cereal Pack 6,Galletas,Ecommerce,Sur,Activo,0.02972320267508824,1.6293423816448538,0.0,251.43746852841326,251.43746852841326,271.5524660106864,251.43746852841326
2026-06-01,SKU-1010,Barra Cereal Pack 6,Galletas,Mayorista,Centro,Activo,0.17280326955229425,1.6293423816448538,0.0,1461.7945826570626,1461.7945826570626,1578.7381492696277,1461.7945826570626
2026-06-01,SKU-1010,Barra Cereal Pack 6,Galletas,Mayorista,Norte,Activo,0.06435073379156604,1.6293423816448538,0.0,544.3621193640147,544.3621193640147,587.911088913136,544.3621193640147
2026-06-01,SKU-1010,Barra Cereal Pack 6,Galletas,Mayorista,Sur,Activo,0.07757755898198031,1.6293423816448538,0.0,656.2517928591586,656.2517928591586,708.7519362878915,656.2517928591586
2026-06-01,SKU-1010,Barra Cereal Pack 6,Galletas,Supermercado,Centro,Activo,0.28519412966747165,1.6293423816448538,0.0,2412.542510530125,2412.542510530125,2605.5459113725356,2412.542510530125
2026-06-01,SKU-1010,Barra Cereal Pack 6,Galletas,Supermercado,Norte,Activo,0.1251346832621215,1.6293423816448538,0.0,1058.5517425046198,1058.5517425046198,1143.2358819049896,1058.5517425046198
2026-06-01,SKU-1010,Barra Cereal Pack 6,Galletas,Supermercado,Sur,Activo,0.1423369868103288,1.6293423816448538,0.0,1204.071177415439,1204.071177415439,1300.3968716086742,1204.071177415439
2026-06-01,SKU-1011,Snack Mix 120g,Galletas,Ecommerce,Centro,Activo,0.07413150341460197,1.7718032524313152,0.14814814814814814,761.0217724446924,848.0379323178563,915.880966903285,848.0379323178563
2026-06-01,SKU-1011,Snack Mix 120g,Galletas,Ecommerce,Norte,Activo,0.027910659496552408,1.7718032524313152,0.14814814814814814,286.5262214010724,319.2879798579913,344.8310182466306,319.2879798579913
2026-06-01,SKU-1011,Snack Mix 120g,Galletas,Ecommerce,Sur,Activo,0.03784104780442744,1.7718032524313152,0.14814814814814814,388.4699479279315,432.88807671053905,467.51912284738216,432.88807671053905
2026-06-01,SKU-1011,Snack Mix 120g,Galletas,Mayorista,Centro,Activo,0.20946191151727095,1.7718032524313152,0.14814814814814814,2150.3013944153768,2396.1694847735066,2587.8630435553873,2396.1694847735066
2026-06-01,SKU-1011,Snack Mix 120g,Galletas,Mayorista,Norte,Activo,0.06693939493913101,1.7718032524313152,0.14814814814814814,687.188774495007,765.7627791156789,827.0238014449332,765.7627791156789
2026-06-01,SKU-1011,Snack Mix 120g,Galletas,Mayorista,Sur,Activo,0.06430008907657286,1.7718032524313152,0.14814814814814814,660.0940963483334,735.5700623442376,794.4156673317767,735.5700623442376
2026-06-01,SKU-1011,Snack Mix 120g,Galletas,Supermercado,Centro,Activo,0.2767312196892217,1.7718032524313152,0.14814814814814814,2840.8770036787173,3165.706353485615,3418.962861764465,3165.706353485615
2026-06-01,SKU-1011,Snack Mix 120g,Galletas,Supermercado,Norte,Activo,0.121078156444855,1.7718032524313152,0.14814814814814814,1242.9683599786474,1385.0908818898677,1495.8981524410572,1385.0908818898677
2026-06-01,SKU-1011,Snack Mix 120g,Galletas,Supermercado,Sur,Activo,0.12160601761736663,1.7718032524313152,0.14814814814814814,1248.387295607982,1391.1294252441558,1502.4197792636883,1391.1294252441558
2026-06-01,SKU-1001,Yogurt Natural 1L,Lacteos,Ecommerce,Centro,Activo,0.06423399235212757,1.9050386657544744,0.0,1025.0937660572604,1025.0937660572604,1107.1012673418413,1025.0937660572604
2026-06-01,SKU-1001,Yogurt Natural 1L,Lacteos,Ecommerce,Norte,Activo,0.03437474574892198,1.9050386657544744,0.0,548.5777278773813,548.5777278773813,592.4639461075719,548.5777278773813
2026-06-01,SKU-1001,Yogurt Natural 1L,Lacteos,Ecommerce,Sur,Activo,0.028476120738751932,1.9050386657544744,0.0,454.44308818244605,454.44308818244605,490.79853523704173,454.44308818244605
2026-06-01,SKU-1001,Yogurt Natural 1L,Lacteos,Mayorista,Centro,Activo,0.1559881213896347,1.9050386657544744,0.0,2489.3743166222707,2489.3743166222707,2688.5242619520523,2489.3743166222707
2026-06-01,SKU-1001,Yogurt Natural 1L,Lacteos,Mayorista,Norte,Activo,0.09207957041737858,1.9050386657544744,0.0,1469.474185858524,1469.474185858524,1587.032120727206,1469.474185858524
2026-06-01,SKU-1001,Yogurt Natural 1L,Lacteos,Mayorista,Sur,Activo,0.07700756651208202,1.9050386657544744,0.0,1228.943951327672,1228.943951327672,1327.259467433886,1228.943951327672
2026-06-01,SKU-1001,Yogurt Natural 1L,Lacteos,Supermercado,Centro,Activo,0.2769506142706045,1.9050386657544744,0.0,4419.783634780133,4419.783634780133,4773.366325562543,4419.783634780133
2026-06-01,SKU-1001,Yogurt Natural 1L,Lacteos,Supermercado,Norte,Activo,0.1305223334146937,1.9050386657544744,0.0,2082.9723549048263,2082.9723549048263,2249.6101432972123,2082.9723549048263
2026-06-01,SKU-1001,Yogurt Natural 1L,Lacteos,Supermercado,Sur,Activo,0.14036693515580506,1.9050386657544744,0.0,2240.0798225336143,2240.0798225336143,2419.286208336304,2240.0798225336143
2026-06-01,SKU-1002,Yogurt Frutado Pack 4,Lacteos,Ecommerce,Centro,Activo,0.06777777777777778,1.7203473106614469,0.0,206.0860359708509,206.0860359708509,222.57291884851898,206.0860359708509
2026-06-01,SKU-1002,Yogurt Frutado Pack 4,Lacteos,Ecommerce,Norte,Activo,0.03111111111111111,1.7203473106614469,0.0,94.59686897022662,94.59686897022662,102.16461848784476,94.59686897022662
2026-06-01,SKU-1002,Yogurt Frutado Pack 4,Lacteos,Ecommerce,Sur,Activo,0.03333333333333333,1.7203473106614469,0.0,101.35378818238567,101.35378818238567,109.46209123697653,101.35378818238567
2026-06-01,SKU-1002,Yogurt Frutado Pack 4,Lacteos,Mayorista,Centro,Activo,0.16233333333333333,1.7203473106614469,0.0,493.59294844821824,493.59294844821824,533.0803843240757,493.59294844821824
2026-06-01,SKU-1002,Yogurt Frutado Pack 4,Lacteos,Mayorista,Norte,Activo,0.08177777777777778,1.7203473106614469,0.0,248.65462700745286,248.65462700745286,268.54699716804913,248.65462700745286
2026-06-01,SKU-1002,Yogurt Frutado Pack 4,Lacteos,Mayorista,Sur,Activo,0.08033333333333334,1.7203473106614469,0.0,244.26262951954948,244.26262951954948,263.8036398811135,244.26262951954948
2026-06-01,SKU-1002,Yogurt Frutado Pack 4,Lacteos,Supermercado,Centro,Activo,0.27555555555555555,1.7203473106614469,0.0,837.8579823077215,837.8579823077215,904.8866208923394,837.8579823077215
2026-06-01,SKU-1002,Yogurt Frutado Pack 4,Lacteos,Supermercado,Norte,Activo,0.125,1.7203473106614469,0.0,380.0767056839463,380.0767056839463,410.482842138662,380.0767056839463
2026-06-01,SKU-1002,Yogurt Frutado Pack 4,Lacteos,Supermercado,Sur,Activo,0.14277777777777778,1.7203473106614469,0.0,434.13205938121865,434.13205938121865,468.8626241317162,434.13205938121865
2026-06-01,SKU-1003,Leche Entera 1L,Lacteos,Ecommerce,Centro,Activo,0.06679691134058982,1.7639887438376745,0.0,246.54770094550116,246.54770094550116,266.2715170211413,246.54770094550116
2026-06-01,SKU-1003,Leche Entera 1L,Lacteos,Ecommerce,Norte,Activo,0.02939808354265513,1.7639887438376745,0.0,108.50845891194759,108.50845891194759,117.1891356249034,108.50845891194759
2026-06-01,SKU-1003,Leche Entera 1L,Lacteos,Ecommerce,Sur,Activo,0.024002232765838682,1.7639887438376745,0.0,88.59234936481796,88.59234936481796,95.6797373140034,88.59234936481796
2026-06-01,SKU-1003,Leche Entera 1L,Lacteos,Mayorista,Centro,Activo,0.20150711694111081,1.7639887438376745,0.0,743.7636772255648,743.7636772255648,803.2647714036101,743.7636772255648
2026-06-01,SKU-1003,Leche Entera 1L,Lacteos,Mayorista,Norte,Activo,0.0690296771792725,1.7639887438376745,0.0,254.7888497236238,254.7888497236238,275.1719577015137,254.7888497236238
2026-06-01,SKU-1003,Leche Entera 1L,Lacteos,Mayorista,Sur,Activo,0.07935621918317982,1.7639887438376745,0.0,292.90416282244075,292.90416282244075,316.33649584823604,292.90416282244075
2026-06-01,SKU-1003,Leche Entera 1L,Lacteos,Supermercado,Centro,Activo,0.2672806772723044,1.7639887438376745,0.0,986.5341849810932,986.5341849810932,1065.4569197795806,986.5341849810932
2026-06-01,SKU-1003,Leche Entera 1L,Lacteos,Supermercado,Norte,Activo,0.11312680249325519,1.7639887438376745,0.0,417.5515380915451,417.5515380915451,450.9556611388688,417.5515380915451
2026-06-01,SKU-1003,Leche Entera 1L,Lacteos,Supermercado,Sur,Activo,0.14950227928179366,1.7639887438376745,0.0,551.8135869351258,551.8135869351258,595.958673889936,551.8135869351258
2026-06-01,SKU-1004,Leche Descremada 1L,Lacteos,Ecommerce,Centro,Activo,0.06893718042366691,1.7585227272727273,0.0,491.1308628319361,491.1308628319361,530.421331858491,491.1308628319361
2026-06-01,SKU-1004,Leche Descremada 1L,Lacteos,Ecommerce,Norte,Activo,0.029492330168005843,1.7585227272727273,0.0,210.11293866849718,210.11293866849718,226.92197376197697,210.11293866849718
2026-06-01,SKU-1004,Leche Descremada 1L,Lacteos,Ecommerce,Sur,Activo,0.02844229364499635,1.7585227272727273,0.0,202.63213744655377,202.63213744655377,218.8427084422781,202.63213744655377
2026-06-01,SKU-1004,Leche Descremada 1L,Lacteos,Mayorista,Centro,Activo,0.1968590211833455,1.7585227272727273,0.0,1402.4876030008666,1402.4876030008666,1514.686611240936,1402.4876030008666
2026-06-01,SKU-1004,Leche Descremada 1L,Lacteos,Mayorista,Norte,Activo,0.06911979547114683,1.7585227272727273,0.0,492.43187174010023,492.43187174010023,531.8264214793084,492.43187174010023
2026-06-01,SKU-1004,Leche Descremada 1L,Lacteos,Mayorista,Sur,Activo,0.07446128560993426,1.7585227272727273,0.0,530.4863823038992,530.4863823038992,572.9252928882112,530.4863823038992
2026-06-01,SKU-1004,Leche Descremada 1L,Lacteos,Supermercado,Centro,Activo,0.2735116873630387,1.7585227272727273,0.0,1948.5860922027346,1948.5860922027346,2104.4729795789535,1948.5860922027346
2026-06-01,SKU-1004,Leche Descremada 1L,Lacteos,Supermercado,Norte,Activo,0.12856099342585828,1.7585227272727273,0.0,915.9102713475046,915.9102713475046,989.1830930553051,915.9102713475046
2026-06-01,SKU-1004,Leche Descremada 1L,Lacteos,Supermercado,Sur,Activo,0.13061541271000732,1.7585227272727273,0.0,930.5466215643506,930.5466215643506,1004.9903512894987,930.5466215643506
2026-06-01,SKU-1005,Queso Untable 250g,Lacteos,Ecommerce,Centro,Activo,0.061444206519152986,1.5603271983640081,0.0,342.1682606750238,342.1682606750238,369.5417215290258,342.1682606750238
2026-06-01,SKU-1005,Queso Untable 250g,Lacteos,Ecommerce,Norte,Activo,0.02914584820366405,1.5603271983640081,0.0,162.30633855833656,162.30633855833656,175.2908456430035,162.30633855833656
2026-06-01,SKU-1005,Queso Untable 250g,Lacteos,Ecommerce,Sur,Activo,0.034261241970021415,1.5603271983640081,0.0,190.7927571624528,190.7927571624528,206.05617773544904,190.7927571624528
2026-06-01,SKU-1005,Queso Untable 250g,Lacteos,Mayorista,Centro,Activo,0.15935046395431834,1.5603271983640081,0.0,887.385063260783,887.385063260783,958.3758683216457,887.385063260783
2026-06-01,SKU-1005,Queso Untable 250g,Lacteos,Mayorista,Norte,Activo,0.07108018082322151,1.5603271983640081,0.0,395.82872362696367,395.82872362696367,427.4950215171208,395.82872362696367
2026-06-01,SKU-1005,Queso Untable 250g,Lacteos,Mayorista,Sur,Activo,0.10212943135855342,1.5603271983640081,0.0,568.7346598054365,568.7346598054365,614.2334325898714,568.7346598054365
2026-06-01,SKU-1005,Queso Untable 250g,Lacteos,Supermercado,Centro,Activo,0.28200095170116585,1.5603271983640081,0.0,1570.3966349083137,1570.3966349083137,1696.0283657009788,1570.3966349083137
2026-06-01,SKU-1005,Queso Untable 250g,Lacteos,Supermercado,Norte,Activo,0.11991434689507495,1.5603271983640081,0.0,667.7746500685847,667.7746500685847,721.1966220740716,667.7746500685847
2026-06-01,SKU-1005,Queso Untable 250g,Lacteos,Supermercado,Sur,Activo,0.1406733285748275,1.5603271983640081,0.0,783.3765116131959,783.3765116131959,846.0466325422516,783.3765116131959
2026-06-01,SKU-1006,Manjar 400g,Lacteos,Ecommerce,Centro,Activo,0.07443553492297954,1.7712687161651397,0.0,480.92818770959144,480.92818770959144,519.4024427263588,480.92818770959144
2026-06-01,SKU-1006,Manjar 400g,Lacteos,Ecommerce,Norte,Activo,0.03297109094745727,1.7712687161651397,0.0,213.02630568284522,213.02630568284522,230.06841013747285,213.02630568284522
2026-06-01,SKU-1006,Manjar 400g,Lacteos,Ecommerce,Sur,Activo,0.03481747204051488,1.7712687161651397,0.0,224.9557788010846,224.9557788010846,242.95224110517137,224.9557788010846
2026-06-01,SKU-1006,Manjar 400g,Lacteos,Mayorista,Centro,Activo,0.1429098966026588,1.7712687161651397,0.0,923.3412193517244,923.3412193517244,997.2085168998625,923.3412193517244
2026-06-01,SKU-1006,Manjar 400g,Lacteos,Mayorista,Norte,Activo,0.0733804600126609,1.7712687161651397,0.0,474.11134592774033,474.11134592774033,512.0402536019596,474.11134592774033
2026-06-01,SKU-1006,Manjar 400g,Lacteos,Mayorista,Sur,Activo,0.0710592952099599,1.7712687161651397,0.0,459.11429400766804,459.11429400766804,495.8434375282815,459.11429400766804
2026-06-01,SKU-1006,Manjar 400g,Lacteos,Supermercado,Centro,Activo,0.2768516564676092,1.7712687161651397,0.0,1788.7392835577148,1788.7392835577148,1931.8384262423322,1788.7392835577148
2026-06-01,SKU-1006,Manjar 400g,Lacteos,Supermercado,Norte,Activo,0.14232960540198353,1.7712687161651397,0.0,919.5919563717063,919.5919563717063,993.1593128814428,919.5919563717063
2026-06-01,SKU-1006,Manjar 400g,Lacteos,Supermercado,Sur,Activo,0.151244988394176,1.7712687161651397,0.0,977.1942694283478,977.1942694283478,1055.3698109826157,977.1942694283478
